id,slug,title,description,keyPoints,bodyMd,tags,baseDate,sources,status,createdAt,updatedAt
30001,gaikokujin-koyou-kanri-shishin-kaisei-2026,外国人雇用管理指針の改正が2026年6月14日から段階適用：企業が確認すべき3つの期日と実務対応,外国人雇用管理指針が改正され、2026年6月14日・10月1日・2027年4月1日の3段階で適用されます。在留カード読取アプリの活用、同一労働同一賃金、日本語学習支援、育成就労対応など、外国人を雇用する企業が確認すべき変更点と優先順位を厚生労働省の一次情報に基づき解説します。,"[""外国人雇用管理指針の改正は2026年6月14日・10月1日・2027年4月1日の3段階で適用される"", ""在留カードは目視だけでなく入管庁の無料「読取アプリ」でのICチップ照合が標準になった"", ""不法就労助長罪は2027年4月から5年以下の拘禁刑・500万円以下に厳罰化。過失があれば「知らなかった」でも処罰対象"", ""2026年10月1日までにパート・有期雇用者向け労働条件通知書のひな形更新が必要"", ""優先順位は罰則リスクで決める。最優先は在留カード確認フローの更新""]","外国人スタッフを雇っている会社で、2026年6月14日に何かが変わったと認識している経営者は、おそらく少数派です。求人を出したわけでも、在留資格の更新時期でもない。日々の業務は先月と何も変わらずに回っています。それなら何も変わっていないのだろう、と考えるのが自然です。

ところが、この日を境に、外国人を雇用するすべての事業主が守るべき「外国人雇用管理指針」の中身が変わりました。厚生労働省が告示として定めるこの指針は、労働施策総合推進法に基づいて事業主が適切に対処するための措置を具体化したもので、今回の改正は2026年6月14日、2026年10月1日、2027年4月1日の3段階に分けて適用されます（出典: 厚生労働省「外国人雇用管理指針改正の主なポイント」）。つまり第1段階はすでに適用済みで、残り2つの期日がこれから順番にやってきます。

指針は法律そのものではありません。だから違反すれば即座に罰金、という性質のものではない。それなら急いで読む必要はない、とも思えます。ただ、今回の改正には例外が1つ紛れ込んでいます。在留カードの確認を怠ったまま不法就労者を雇ってしまった場合の罰則が、この先明確に重くなるのです。知らなかった、では処罰を免れないと厚労省のリーフレットにはっきり書かれています。

まず確定している事実を1行で固定します。改正指針の第1段階は2026年6月14日にすでに適用されており、対象は外国人を1人でも雇用するすべての事業主です。

## 第1段階（2026年6月14日適用）：すでに始まっている3つの変更

適用済みの第1段階には、3つの内容が含まれています。同一労働同一賃金ガイドラインの適用への留意、日本語学習支援の努力義務、そして外国人雇用状況届出の際の在留カード等読取アプリの活用です。

こうして並べると、どれも抽象的な標語に見えます。1つずつ、実際の場面に置き直します。

1つ目の同一労働同一賃金は、短時間・有期雇用労働者や派遣労働者を雇う事業主に対する「不合理な待遇の禁止等に関する指針」を、外国人労働者を含めて適用するよう求めるものです。たとえばパートタイムで働く特定技能の外国人と、同じ業務をする日本人正社員との間に、手当や福利厚生の説明できない差があれば、それは国籍の問題ではなく雇用形態の問題として是正対象になります。外国人だから時給を抑えてよい、という運用が指針上も明確に否定された形です。

2つ目の日本語学習支援は、日本語教育推進法に基づき、雇用する外国人労働者とその家族に対する日本語教育の推進や学習機会の提供に努めることを事業主に求めます。家族まで含まれている点は見落とされがちです。厚労省は無料の学習コンテンツ（「つながるひろがる にほんごでのくらし」など）を案内しており、まずはこうした無料教材を朝礼や休憩室で紹介するだけでも、支援の第一歩として成立します。日本語能力に配慮した教育訓練の実施も努力義務に含まれました。マニュアルにふりがなを振る、作業指示を「やさしい日本語」で言い換える、といった現場レベルの工夫がここに該当します。

3つ目が、冒頭で触れた罰則に直結する変更です。

## 在留カードの「目視確認」だけでは足りなくなる

外国人を雇い入れるとき、在留カードを見せてもらって就労可否を確認する。この手順自体は以前から義務でした。ハローワークへの外国人雇用状況届出も同様です。ここまでは多くの会社がすでにやっています。

それで十分だったはずでは、と思われるかもしれません。そうでした、これまでは。問題は、偽造在留カードの精巧さが目視で見抜けるレベルを超えてきたことです。

改正指針は、届出の際の在留カード確認に当たって、出入国在留管理庁が無料で提供する「在留カード等読取アプリケーション」を使い、ICチップから読み取った情報と券面記載を照合することが適切だと明記しました。アプリはWindows・Mac・iPhone・Android向けに提供されており、ICチップが読み取れない、読み取った情報が券面と異なるといった場合は偽変造の疑いがあるとして、労働局・ハローワークまたは地方出入国在留管理官署への相談が案内されています。

罰則の数字を確認しておきます。不法就労をあっせん・助長した場合の「不法就労助長罪」は現在、3年以下の拘禁刑・300万円以下の罰金です。これが2027年4月1日以降、5年以下の拘禁刑・500万円以下の罰金に引き上げられます。そして重要なのは過失の扱いです。雇おうとした外国人が不法就労者であることを知らなかったとしても、在留カードを確認していないなどの過失があれば処罰を免れない、と厚労省のリーフレットは明記しています。雇入れ・離職時のハローワーク届出を怠ったり虚偽の届出をした場合の30万円以下の罰金も従来どおりです。

「知らなかった」が通用しない構造で、確認手段は無料で配布されている。この2つが揃った以上、目視だけの確認フローを続ける理由は、実務上ほぼなくなったと言えます。

## 第2段階（2026年10月1日）と第3段階（2027年4月1日）：これから来る変更

次の期日は2026年10月1日です。パートタイム・有期雇用労働者を雇い入れた時の労働条件明示事項に、「待遇の相違の内容・理由等に関する説明を求めることができる」旨の明示が新たに必要になります。外国人労働者にも当然適用されます。雇用契約書や労働条件通知書のひな形を使い回している会社は、10月までに文面の更新が必要になるということです。

そして2027年4月1日、育成就労制度の施行に合わせた第3段階が適用されます。技能実習に代わるこの新制度で外国人を受け入れる事業主には、指針上、次のような雇用管理が求められます。

| 求められる対応 | 内容 |
| --- | --- |
| 技能・日本語の目標達成支援 | 育成就労外国人が目標とする技能と日本語能力を修得できるよう取り組む |
| 送出機関の確認 | 二国間取決めを結んだ国・地域の公的機関から推薦を受けた送出機関に限られることに留意する |
| 手数料の妥当性確認 | 本人が送出機関に支払う手数料が不当に高額でないこと（関係省令では月給の2か月分が上限） |
| 転籍制限の説明 | 育成就労外国人に対して転籍制限について説明を行う |

表の3行目は特に実務への影響が大きい項目です。来日前に本人が母国の送出機関へ支払う費用は、これまで制度の外側にあるコストとして見えにくいものでした。育成就労では、この費用が月給の2か月分を超えてはならないという上限が省令で定められ、受け入れる側の事業主にも確認への留意が求められます。採用時に「あなたは送出機関にいくら払いましたか」と確認する場面が、実際に発生するわけです。

3段階を時系列で並べ直すと、こうなります。

| 適用日 | 主な内容 | 状態 |
| --- | --- | --- |
| 2026年6月14日 | 同一労働同一賃金への留意、日本語学習支援、読取アプリ活用 | 適用済み |
| 2026年10月1日 | パート・有期雇用者への待遇差説明に関する明示義務 | あと約2か月 |
| 2027年4月1日 | 育成就労制度に対応した雇用管理 | あと約8か月 |

## 何から手を付けるか：優先順位は「罰則の有無」で決まる

3段階すべてに同時に対応しようとすると、総務担当者の机に指針の全文が積まれて終わる、という結末になりがちです。優先順位を罰則リスクの大きさで切ると、やるべきことは絞れます。

最優先は在留カード確認フローの更新です。読取アプリの導入は無料で、対応端末があれば即日始められます。既存スタッフの在留カードも、次回の在留期間更新のタイミングでアプリ照合に切り替えれば、確認漏れの棚卸しになります。2027年4月の罰則引き上げまでに社内フローとして定着させておくのが現実的な線です。

次が2026年10月1日期限の労働条件通知書の改訂です。こちらは期日が明確で、対象はパート・有期雇用の労働者を雇うすべての会社です。社会保険労務士に依頼している場合はひな形更新の確認を、自社で書式を管理している場合は厚労省のモデル様式の改訂を待って差し替えることになります。

日本語学習支援と育成就労対応は努力義務が中心で、罰則の直接性は低い一方、外国人材の定着率に効いてくる領域です。特定技能で外国人を受け入れている会社なら、義務的支援を委託している登録支援機関が日本語学習機会の提供をどこまでカバーしているか、契約内容を見直す機会でもあります。支援の質や範囲は機関によって差が大きいため、比較検討には[ヤトエルの登録支援機関検索](/search)のような一覧性のある情報源を使うと、自社の委託内容が相場から外れていないかを確認しやすくなります。

ここまでで、冒頭に立てた問いに答えが出ています。6月14日に何が変わったのか。変わったのは、外国人雇用の「確認」と「待遇」と「支援」に関する事業主の標準動作であり、その一部にはすでに罰則強化の予告が付いています。

## よくある質問

### 指針に従わないと罰則はありますか

指針そのものは事業主が講ずべき措置を示す告示であり、指針の個々の項目への違反が直ちに罰則につながるわけではありません。ただし、指針が言及する法令上の義務には罰則があります。外国人雇用状況届出の懈怠・虚偽届出は30万円以下の罰金、不法就労助長罪は3年以下の拘禁刑・300万円以下の罰金（2027年4月1日以降は5年以下・500万円以下）です。在留カード未確認などの過失があれば「知らなかった」でも処罰対象になり得ます。

### 在留カード等読取アプリはどこで入手できますか

出入国在留管理庁が無料で提供しており、Windows・Mac用のパソコン版と、iPhone・Android用のスマートフォン版があります。App Store・Google Playまたは入管庁のサポートページから入手できます。ICチップの読み取りで券面との照合を行い、読み取れない場合は偽変造の可能性があるため、住居地を管轄する労働局・ハローワークや地方出入国在留管理官署に相談してください。

### 技能実習生を受け入れ中ですが、2027年4月までに何をすべきですか

現行の技能実習は育成就労制度へ移行し、監理団体は新たに「監理支援機関」としての許可が必要になります。受け入れ企業側は、委託先の監理団体が移行準備を進めているかの確認と、指針が求める転籍制限の説明や送出機関手数料の確認を含む受け入れフローの見直しが中心になります。自社の受け入れ体制がどの程度整っているか不安な場合は、[ヤトエルの無料診断](/diagnose)で準備状況を確認できます。

外国人雇用のルールは、この1年で「知っている会社」と「知らない会社」の差がそのままリスクの差になる局面に入りました。次の期日は2026年10月1日です。お手元の労働条件通知書のひな形に、待遇差の説明を求められる旨の記載があるかどうか。まずそこから確かめてみてください。","[""外国人雇用"", ""雇用管理指針"", ""育成就労"", ""在留カード"", ""法改正""]",2026-07-23,"[{""name"": ""厚生労働省「外国人雇用管理指針改正の主なポイント」リーフレット"", ""url"": ""https://www.mhlw.go.jp/content/001707303.pdf""}, {""name"": ""厚生労働省「外国人の雇用」"", ""url"": ""https://www.mhlw.go.jp/stf/seisakunitsuite/bunya/koyou_roudou/koyou/jigyounushi/page11.html""}, {""name"": ""出入国在留管理庁「在留カード等読取アプリケーション サポートページ」"", ""url"": ""https://www.moj.go.jp/isa/policies/policies/rcc-support.html""}]",published,2026-07-23 01:19:23,2026-07-23 01:31:08
60001,tokutei-ginou-jusokuritsu-wakugire-2026,特定技能に「枠切れ」リスク：外食業の受入れ停止に学ぶ、自社分野の充足率チェックと採用計画の立て方,2026年4月、特定技能の外食業分野で在留資格認定証明書の交付が停止されました。原因は受入れ見込数（上限）への到達です。入管庁が7月3日に公表した最新の充足率データをもとに、飲食料品製造業・建設など次に枠が埋まりうる分野と、企業が停止前に打てる4つの準備を解説します。,"[""外食業分野は充足率95.4%に達し、2026年4月13日から在留資格認定証明書の交付が停止された"", ""受入れ見込数は事実上の上限で、停止措置は事前案内からわずか17日で発動された"", ""飲食料品製造業（72.2%）と建設（67.2%）は現在のペースが続けば2年前後で上限に達しうる"", ""既に雇用中の人材の在留期間更新は停止の影響を受けず、止まるのは新規の入口のみ"", ""充足率の定点観測・申請の前倒し・国内在住人材ルート・支援機関の事前確保が4つの備えになる""]","「求人さえ出せば、特定技能はまだ採れる」。外食業の採用担当者の多くが、今年の春までそう考えていたはずです。制度は拡大の一途で、受入れ見込数も1月に123万人規模へ引き上げられたばかりでした。ところが2026年4月13日、出入国在留管理庁は外食業分野の在留資格認定証明書（COE）の交付を一時停止しました。この日以降に受理された海外からの呼び寄せ申請は、不交付です。枠が広がり続けるはずの制度で、なぜ突然「受け入れられない分野」が生まれたのでしょうか。

答えは、制度に最初から組み込まれていた「受入れ見込数」という上限の仕組みにあります。そして7月3日、入管庁が公表した最新データを見ると、外食業の次に枠が埋まりつつある分野もはっきり読み取れます。自社の分野があとどれくらい採用できるのか。この数字を知らずに来年度の採用計画を立てるのは、残席を確認せずに団体旅行の予約を進めるようなものです。

## 外食業で何が起きたのか：95.4%という数字

まず事実関係を整理します。特定技能1号には分野ごとに「受入れ見込数」が設定されています。2026年1月23日の閣議決定で、2029年3月までの見込数は全19分野合計で約80.6万人と定められました。外食業分野の見込数は5万人です。

この「見込数」という言葉が曲者です。目安に聞こえます。実際には、政府基本方針で**「大きな経済情勢の変化が生じない限り、受入れの上限として運用する」**と明記されており、事実上の定員です[2]。

外食業の在留者数は2026年2月末時点で約4.6万人（速報値）に達し、5月中に5万人の上限を超えると推計されました。これを受けて農林水産大臣が法務大臣に交付停止を要請し、4月13日から停止措置が発動されたのです[1]。措置の内容は次のとおりです。

| 手続き | 4月13日以降の申請 | 4月13日より前の申請 |
| --- | --- | --- |
| 在留資格認定証明書（海外からの呼び寄せ） | 不交付 | 変更申請を優先しつつ、上限の範囲内で順次交付 |
| 在留資格変更（国内在住者の切り替え） | 原則不許可（※） | 上限の範囲内で順次許可 |
| 在留期間更新（既に雇用中の人材） | 許可を継続 | 許可を継続 |

※医療・福祉施設給食製造の技能実習2号修了者などには配慮措置があります[2]。

注目すべきは、**すでに雇用している特定技能人材の在留期間更新は影響を受けない**という点です。止まったのは新規の入口だけです。それでも、外食業で「来期は特定技能で5名採用」と計画していた企業にとって、この計画は白紙になりました。受入れ再開の時期は未定で、見込数の再設定は2028年度末とされています[2]。つまり外食業の新規採用ルートは、**最長で2年以上閉じたままの可能性**があります。

## 充足率データの読み方：7月3日公表の最新値

では、他の分野は安全なのでしょうか。入管庁が2026年7月3日に公表した「特定技能1号の受入れ見込数及び在留者数について（令和8年3月末時点・速報値）」[3]から、主要分野の充足率を見てみます。

| 分野 | 受入れ見込数 | 在留者数 | 充足率 | 年間増加数 |
| --- | --- | --- | --- | --- |
| 外食業 | 50,000 | 47,714 | **95.4%** | 16,498 |
| 飲食料品製造業 | 133,500 | 96,367 | **72.2%** | 20,509 |
| 建設 | 76,000 | 51,055 | **67.2%** | 9,957 |
| 介護 | 126,900 | 74,745 | 58.9% | 26,332 |
| 農業 | 73,300 | 39,950 | 54.5% | 9,438 |
| 航空 | 4,900 | 2,577 | 52.6% | 937 |
| 自動車整備 | 9,400 | 4,925 | 52.4% | 1,646 |
| 造船・舶用工業 | 23,400 | 11,471 | 49.0% | 1,514 |
| 漁業 | 14,800 | 4,842 | 32.7% | 1,232 |
| 工業製品製造業 | 199,500 | 59,038 | 29.6% | 12,962 |
| ビルクリーニング | 32,200 | 9,202 | 28.6% | 2,560 |
| 宿泊 | 14,800 | 2,207 | 14.9% | 1,365 |
| 自動車運送業 | 22,100 | 333 | 1.5% | 332 |
| 鉄道 | 2,900 | 59 | 2.0% | 49 |
| 全19分野合計 | 805,700 | 404,527 | 50.2% | 105,373 |

全体の充足率は50.2%。半分も埋まっていないように見えます。ただ、この平均値はほとんど意味を持ちません。分野ごとの差が大きすぎるからです。

読み方のポイントは、充足率の絶対値と「年間増加数」を組み合わせることです。単純計算で、**残り枠を年間増加数で割ると、枠が尽きるまでの残り年数の目安**が出ます。飲食料品製造業なら残り約3.7万人を年2万人ペースで消化しているので、**このペースが続けば2年弱**で外食業と同じ状況に至る計算です。建設は残り約2.5万人を年1万人ペースですから、2年半程度。いずれも2029年3月の見込数再設定を待たずに上限へ到達しうる水準です。

もちろん、このペースがそのまま続くとは限りません。景気や送出国の動向で増加数は変わりますし、政府が見込数を再設定する可能性もあります。それでも外食業の事例が示したのは、上限接近が現実になったとき、**停止措置は事前の予告期間をほとんど置かずに発動される**という運用の実態です。3月27日の事前案内から停止まで、わずか17日でした[1]。

## 自社の分野はどのゾーンにいるか

充足率の表を、採用計画への影響という観点で3つのゾーンに分けて考えると判断しやすくなります。

**警戒ゾーン（充足率65%超）**：飲食料品製造業、建設。このゾーンの企業は、採用を「いつかやる」から「枠があるうちにやる」へ切り替える段階です。COE申請は面接から入国まで通常4〜6か月かかるため、停止措置が発動されてからでは間に合いません。採用予定人数が固まっているなら、申請時期を前倒しし、あわせて国内在住人材（技能実習からの移行、転職者）の採用ルートも並行して確保しておくべき局面です。

**注視ゾーン（充足率45〜65%）**：介護、農業、自動車整備、航空、造船・舶用工業。すぐに枠が尽きる状況ではありませんが、介護は年間2.6万人と全分野で最大の増加ペースを示しています。半年ごとの公表データを確認し、充足率が70%に近づいたら警戒ゾーンの対応に移る、という基準をあらかじめ決めておくと判断が遅れません。

**余裕ゾーン（充足率30%未満）**：工業製品製造業、ビルクリーニング、宿泊、自動車運送業、鉄道、林業、木材産業など。枠の心配は当面不要です。むしろ2024年・2026年に追加された新しい分野では、受け入れ体制の整備が早い企業ほど、競合が少ないうちに人材市場での認知を確立できます。宿泊や自動車運送業は充足率が一桁〜14.9%で、制度活用はまだ始まったばかりです。

ここで一つ、見落としやすい論点があります。外食業が閉じた影響は、外食業だけにとどまらないという点です。海外で外食業の技能試験に合格しながら入国できなくなった人材や、外食業から他分野への転換を考える国内在住者が、**隣接分野である飲食料品製造業や宿泊に流れる**ことが考えられます。隣の分野の停止が、自社の分野の充足ペースを速める。この連鎖まで織り込むと、警戒ゾーンの「残り2年」は、さらに短くなる可能性があります。

## 枠が切れる前に企業ができる4つの準備

では、具体的に何をしておくべきでしょうか。

第一に、**自社の分野の充足率を定点観測する**ことです。入管庁は特定技能制度のページで受入れ見込数と在留者数のデータを更新しています[4]。半年に一度、経営会議の資料に自社分野の充足率と年間増加数を載せる。それだけで「突然の停止措置に驚く側」から「事前に動いていた側」に回れます。

第二に、**採用計画の時間軸を逆算で組む**ことです。海外からの呼び寄せは、求人→面接→雇用契約→支援計画策定→COE申請→査証→入国で4〜6か月、送出国の手続きによってはそれ以上かかります。「来年度の期初に配属したい」なら、申請は今年度の後半には出ている必要があります。警戒ゾーンの分野では、この逆算にさらに「停止リスクのバッファ」を乗せて前倒しする判断が現実的です。

第三に、**国内在住人材のルートを確保する**ことです。外食業の停止措置でも、在留期間更新は止まりませんでした。国内で技能実習を修了した人材や、転職を希望する特定技能在留者の採用は、海外呼び寄せより短期間で進められ、停止措置の影響も受けにくい経路です（ただし外食業のように在留資格変更まで原則不許可となるケースもあるため、分野ごとの措置内容の確認は必要です）。

第四に、**支援体制のパートナーを早めに決めておく**ことです。特定技能1号の受け入れには義務的支援が伴い、多くの企業は登録支援機関に委託します。枠の残りが少ない分野ほど、駆け込みの採用が増えて支援機関側の受託余力も逼迫します。地域と分野の実績が合う支援機関を先に見つけておけば、いざ採用を決めたときに申請までの期間を圧縮できます。ヤトエルの[無料診断](/diagnose)を使えば、所在地・業種・受け入れ予定人数を入力するだけで、条件に合う登録支援機関の候補を数分で絞り込めます。比較検討の段階なら[支援機関検索](/search)で地域・分野ごとの登録支援機関を一覧できます。

## よくある質問

**Q. 外食業はもう特定技能を一切採用できないのですか。**

新規の海外呼び寄せ（COE交付）は停止中で、在留資格変更も原則不許可です。ただし、すでに雇用している特定技能人材の在留期間更新は通常どおり許可されます。また、医療・福祉施設給食製造に係る技能実習2号修了者などには配慮措置があります[2]。受入れ再開は未定です。

**Q. 受入れ見込数は法律上の上限ですか。**

法律に人数が書かれているわけではなく、閣議決定される分野別運用方針上の数値です。ただし政府基本方針で「受入れの上限として運用する」とされており、入管法第7条の2に基づく交付停止措置の根拠になります[2]。実務上は定員と考えて計画を立てるべきです。

**Q. 育成就労制度が始まると、この枠はどうなりますか。**

2027年4月に施行予定の育成就労制度でも、特定技能と同様に分野ごとの受入れ見込数が設定されます。2026年1月の閣議決定では、特定技能と育成就労を合わせた2028年度末までの受入れ上限が計約123万人とされました[5]。育成就労から特定技能1号への移行が本格化すれば、特定技能側の枠の消化ペースはさらに速まる可能性があります。

---

冒頭の「求人さえ出せば採れる」という前提に戻ります。この前提は、外食業では今年の4月に崩れました。自社の分野で同じことが起きる日を、上の表はある程度の精度で予告しています。残り枠と年間増加数、この2つの数字を手帳に書き写すことから、来年度の採用計画を始めてみてください。

（内容確認基準日：2026年7月27日。制度の運用は変更される可能性があるため、最新情報は出典に記載の官公庁ページでご確認ください。）","[""特定技能"", ""受入れ見込数"", ""外食業"", ""採用計画"", ""制度動向""]",2026-07-27,"[{""name"": ""出入国在留管理庁「特定技能「外食業分野」における在留資格認定証明書交付の一時停止措置について」"", ""url"": ""https://www.moj.go.jp/isa/03_00176.html""}, {""name"": ""出入国在留管理庁「特定技能「外食業分野」における受入れ見込数の上限超過への対応」"", ""url"": ""https://www.moj.go.jp/isa/content/001461313.pdf""}, {""name"": ""出入国在留管理庁「特定技能1号の受入れ見込数及び在留者数について（令和8年3月末時点・速報値）」"", ""url"": ""https://www.moj.go.jp/isa/content/001465883.pdf""}, {""name"": ""出入国在留管理庁「特定技能制度」"", ""url"": ""https://www.moj.go.jp/isa/applications/ssw/index.html""}, {""name"": ""出入国在留管理庁「特定技能の在留資格に係る制度の運用に関する方針及び育成就労に係る制度の運用に関する方針」（2026年1月23日閣議決定）"", ""url"": ""https://www.moj.go.jp/isa/03_00170.html""}]",published,2026-07-27 01:14:03,2026-07-27 01:14:03
90001,gaikokujin-shuro-kankyo-seibi-joseikin-2026,外国人雇用で最大80万円：就労環境整備助成金が2026年4月改正で使いやすく。要件廃止の意味と申請の落とし穴,厚生労働省の人材確保等支援助成金（外国人労働者就労環境整備助成コース）は、就業規則の多言語化や相談体制の整備など1措置20万円・最大80万円を定額支給する制度です。2026年4月の改正で社会保険加入要件が廃止され、個人経営の飲食店や農業でも申請可能に。計画認定前の実施は不支給になるなど実務の落とし穴と受給までの流れを解説します。,"[""外国人労働者の就労環境を整備すると1措置20万円・最大80万円が定額で支給される"", ""2026年4月1日の改正で社会保険加入要件が廃止され、個人事業主や農業・漁業も対象になった"", ""計画認定を受ける前に翻訳や責任者選任を実施すると支給対象外になる"", ""計画期間終了後の外国人労働者の離職率が15%以下であることが受給の条件"", ""支給決定は計画期間の末日以降で、計画提出から入金まで1年前後を見込む必要がある""]","外国人採用の見積もりを前にして、ため息をついた経験はないでしょうか。支援委託費、登録支援機関への月額、翻訳費用、渡航費。「日本人を雇うより高くつくのではないか」という疑念は、多くの経営者が一度は口にするものです。ところがこの計算には、たいてい抜けている項目が1つあります。国から戻ってくるお金です。

外国人労働者の職場環境を整えた企業に、**1つの制度導入につき20万円、最大80万円**を定額で支給する助成金があります。厚生労働省の人材確保等支援助成金「外国人労働者就労環境整備助成コース」です。制度自体は以前からありましたが、**2026年4月1日の改正で「社会保険の適用事業所であること」という要件が廃止**され、これまで門前払いだった個人経営の飲食店や農業・漁業の事業者にも入口が開きました。

要件が緩んだ助成金は、知られた瞬間から申請が増え、審査の目も厳しくなっていきます。まだ社労士界隈の解説記事が出始めた程度の今は、落ち着いて計画を立てられる数少ないタイミングです。

## 「就労環境整備」とは、具体的に何をすればよいのか

助成金の案内文にある「就労環境の整備」という言葉は、正直なところ漠然としています。福利厚生を増やせばいいのか、オフィスを改装するのか。身構えた方もいるかもしれません。

実際に求められるのは、次の5つの措置のうち4つの導入です。①雇用労務責任者の選任、②就業規則等の多言語化。この2つは必須です。そのうえで、③苦情・相談体制の整備、④一時帰国のための休暇制度の整備、⑤社内マニュアル・標識類等の多言語化、の3つから選択します[1]。

| 整備措置 | 区分 | 具体的な場面 |
| --- | --- | --- |
| ① 雇用労務責任者の選任 | 必須 | 総務部長などを責任者に任命し、外国人従業員と定期面談を行う |
| ② 就業規則等の多言語化 | 必須 | 就業規則をベトナム語・英語等に翻訳し、読める形で周知する |
| ③ 苦情・相談体制の整備 | 選択 | 母国語で相談できる窓口を設け、利用方法を本人に説明する |
| ④ 一時帰国のための休暇制度 | 選択 | 年次有給休暇とは別に、帰省のための休暇を就業規則に定める |
| ⑤ 社内マニュアル・標識類等の多言語化 | 選択 | 作業手順書や安全標識を翻訳し、現場に掲示する |

一覧にすると事務作業の羅列に見えますが、1つずつ現場に置き直すと印象が変わります。就業規則の多言語化は、「聞いていなかった」と言われがちな残業ルールや評価基準を、本人が読める言葉で示すことです。苦情・相談体制は、辞める直前まで不満を言えずにいた従業員の声を、退職届より先に受け取る仕組みです。つまりこの4措置は、助成金のための作業ではなく、**外国人材の早期離職を防ぐ打ち手そのもの**に国が値札を付けたものだと言えます。

1措置20万円、4措置で80万円。ここまでが制度の骨格です。

次に確認すべきは、「自社は本当にもらえるのか」という点です。

## 2026年4月の改正で、誰が新たに対象になったのか

これまでこの助成金には、目立たないけれど強力な足切りがありました。「事業所が社会保険の適用事業所であり、対象労働者が被保険者であること」という要件です。法人であればほぼ問題になりませんが、従業員5人未満の個人事業や、適用除外となる農業・漁業の個人経営では、この一文だけで申請の土俵に上がれませんでした。

**2026年4月1日の支給要領改正で、この社会保険加入要件が全面的に廃止**されました。あわせて社会保険料納入証明書や関連書類の添付も不要になっています[2]。特定技能外国人を受け入れている農家、技能実習生が働く漁港の加工場、家族経営に近い飲食店。外国人雇用の現場でむしろ多数派だった小規模事業者が、ようやく対象に入った形です。

改正点はもう1つあります。支給申請の時期です。従来は計画期間（3か月〜1年）の終了を待って申請する流れが基本でしたが、雇用労務責任者講習を受講済みで、かつ整備措置の実施日前6か月間に解雇等を行っていない場合には、**整備措置の実施日の翌日から2か月以内に早期申請**ができることが明文化されました。ただし支給決定そのものは計画期間の末日以降になるため、「申請が早くできる」ことと「入金が早まる」ことは別物です。資金繰りに組み込む際は、この時間差を見込んでおく必要があります。

なお、2026年4月1日より前に就労環境整備計画を提出済みの場合は、旧規定がそのまま適用されます。社会保険関連の書類も引き続き求められるため、「改正で不要になったはず」と思い込まないほうが安全です。

対象が広がったのなら、あとは書類を出すだけ。そう考えたくなりますが、この助成金には順序を間違えると一円も出なくなる罠があります。

## 受給までの流れと、実際につまずく3つのポイント

手続きの流れ自体は単純です。就労環境整備計画を作成し、都道府県労働局に提出して認定を受け、計画期間内に措置を実施し、期間終了後に支給申請する。この一本道です。つまずくのは、道順ではなく順番と定義です。

第一の罠は、**計画認定の前に整備措置を実施してしまう**ことです。「どうせやるなら先に就業規則を翻訳しておこう」という段取りの良さが、そのまま不支給につながります。対象になるのは、認定を受けた計画に基づいて新たに導入・実施した措置だけです。翻訳会社への発注も、責任者の任命も、認定通知書を受け取ってからでなければ意味がありません。

第二の罠は、離職率要件です。計画期間終了後の一定期間を経たうえで、**外国人労働者の離職率が15%以下**であることが求められます[1]。外国人従業員が6人いる職場で1人辞めれば16.7%、この時点で要件を割り込みます。少人数の職場ほど1人の退職が致命傷になる構造です。もっとも、整備措置そのものが定着策なので、真面目に実施した職場ほどこの要件は満たしやすくなります。助成金の設計として、よくできていると言うべきかもしれません。

第三の罠は、2026年改正で明確化された「実施日」の定義です。苦情・相談体制の実施日は、就業規則を周知した日ではなく、**外国人労働者本人に相談窓口の内容や利用方法を周知した日**とされました。全体朝礼で日本語の資料を配って終わり、では周知になりません。誰に、いつ、どの言語で説明したかの記録が、そのまま支給審査の材料になります。

3つとも、書類の巧拙ではなく日々の運用の問題です。だからこそ、申請代行だけを頼んでも防げません。

ここで一度立ち止まって、費用対効果を数えてみます。

## 80万円は、外国人採用コストのどこまでを埋めるのか

特定技能人材を1人受け入れる場合、登録支援機関への支援委託費はおおむね月2〜3万円、年間で24〜36万円が相場です。就業規則や社内マニュアルの翻訳を外部に頼めば、分量にもよりますが数十万円かかることもあります。この助成金の支給対象経費には、通訳費、翻訳料、翻訳機器の導入費、弁護士や社会保険労務士への委託料（顧問料は除く）、多言語標識の設置費が含まれます[1]。

つまり、外国人材の受け入れ環境づくりで実際に発生する持ち出しの相当部分が、定額80万円の範囲に収まります。仮に翻訳と体制整備に50万円かけて4措置を実施すれば、収支はプラスです。「定着投資は全額持ち出し」という前提で組んだ採用予算は、この時点で書き直しになります。

さらに言えば、この助成金は単独で完結する制度ではありません。有期雇用の外国人従業員を正社員に転換すれば、キャリアアップ助成金（正社員化コース）の対象になり得ます。中小企業で重点支援対象者なら1人あたり最大80万円です[3]。就労環境を整えて定着させ、戦力化した人材を正社員に登用する。この一連の流れに沿って、複数の助成金が階段状に並んでいます。ただし同一の取り組みで複数の助成金を重複受給することはできないため、組み合わせの設計は労働局か社会保険労務士に事前確認するのが確実です。

どの助成金がいくら使えるかは、業種・雇用形態・地域で変わります。自社の場合の概算を手早くつかみたいなら、ヤトエルの[無料診断](/diagnose)で会社名かURLを入れると、該当しうる特定技能分野と概算費用、助成金候補までまとめて整理できます。翻訳や相談体制の実務を委託できる[登録支援機関の検索](/search)とあわせて、計画づくりの下敷きに使ってください。

## よくある質問

### 技能実習生しかいない職場でも対象になりますか

対象になり得ます。要件は「雇用保険の被保険者となる外国人労働者を雇用していること」であり、在留資格の種類は特定技能に限定されていません（特別永住者、在留資格「外交」「公用」の方は除きます）[1]。技能実習生も雇用保険の被保険者であれば対象です。2027年4月に始まる育成就労制度への移行期は、就業規則やマニュアルの多言語化を進める理由がもう1つ増える時期でもあります。

### 申請から入金までどのくらいかかりますか

計画期間が3か月〜1年、その終了後に離職率の算定期間を経て支給決定という流れなので、**計画提出から入金まで1年前後**を見込むのが現実的です。2026年改正で早期申請の道はできましたが、支給決定日は計画期間の末日以降と定められています。今期の資金繰りを埋める即効性はなく、来期以降の採用計画に織り込む性格のお金です。

### 自社で翻訳すれば費用ゼロで80万円もらえますか

支給は定額制なので、経費の多寡は支給額に影響しません。ただし措置として認められるには、翻訳の品質や周知の実態が伴っている必要があります。機械翻訳を貼り付けただけの就業規則が「多言語化」と認められるかはリスクのある賭けです。金額の根拠となる支給要領は改正が重なっているため、着手前に最新版のパンフレット[1]と労働局への事前相談で確認することをお勧めします。

---

冒頭の見積もりに戻ります。支援委託費や翻訳費が並んだあの明細は、外国人を雇う「コスト」の一覧に見えていたはずです。けれどもその何割かは、計画の順序さえ間違えなければ国が肩代わりする設計になっています。残る問いは1つです。認定通知書が届く前に、うっかり翻訳会社へ発注してしまわない体制が、自社にあるでしょうか。

---

**出典・参考（2026年7月30日確認）**

[1] 厚生労働省「人材確保等支援助成金（外国人労働者就労環境整備助成コース）」
[2] 同支給要領（令和8年4月1日改正）：社会保険加入要件の廃止、早期申請・実施日の明確化
[3] 厚生労働省「キャリアアップ助成金」

※本記事は制度の概要を整理したものであり、支給を保証するものではありません。個別の受給可否は都道府県労働局または社会保険労務士にご確認ください。","[""助成金"", ""外国人雇用"", ""就労環境整備"", ""定着支援"", ""制度動向""]",2026-07-30,"[{""name"": ""厚生労働省「人材確保等支援助成金（外国人労働者就労環境整備助成コース）」"", ""url"": ""https://www.mhlw.go.jp/stf/seisakunitsuite/bunya/koyou_roudou/koyou/kyufukin/gaikokujin.html""}, {""name"": ""同支給要領（令和8年4月1日改正）"", ""url"": ""https://www.mhlw.go.jp/content/11650000/001469835.pdf""}, {""name"": ""厚生労働省「キャリアアップ助成金」"", ""url"": ""https://www.mhlw.go.jp/stf/seisakunitsuite/bunya/koyou_roudou/part_haken/jigyounushi/career.html""}, {""name"": ""厚生労働省「人材確保等支援助成金 ガイドブック」"", ""url"": ""https://www.mhlw.go.jp/content/11650000/001469825.pdf""}]",published,2026-07-30 01:07:31,2026-07-30 01:07:31
