id,orgIds,companyName,contactName,email,phone,prefecture,industry,field,headcount,message,diagnosisId,status,createdAt,consented_at
1,"[38078, 34738, 30132, 30196, 30228]",ファナック株式会社,テスト,yurie.hamada@tenbouwoeks.jp,,,,工業製品製造業,1〜2名,,1500001,new,2026-07-18 04:28:21,2026-07-18 04:28:21
30001,[37851],個人,シコウ,yier686868@gmail.com,,,,,,"はじめまして。現在海外に在住しており、特定技能1号の仕事を探しております。

宿泊・農業（耕種農業）・介護分野の技能試験に合格しており、日本語能力試験N2も取得しています。

海外在住者にご紹介可能な求人はございますでしょうか。勤務地は全国どこでも検討可能で、できるだけ早い時期の入社を希望しております。

求人がございましたら、履歴書および各種合格証明書を提出いたします。
何卒よろしくお願いいたします。",,new,2026-07-31 10:14:26,2026-07-31 10:14:27
