id,inputUrl,companyName,industry,result,matchScore,userId,createdAt
1,https://www.shimogamosaryo.co.jp/company/,株式会社下鴨茶寮,飲食業,"{""companyName"": ""株式会社下鴨茶寮"", ""cost"": ""初期10万円〜＋月額2.5万円/人"", ""field"": ""外食業"", ""headcount"": ""1〜5名"", ""industry"": ""飲食業"", ""reason"": ""老舗料亭であり、外食業分野での特定技能外国人の受け入れが可能です。人手不足の解消や多言語対応による顧客満足度向上に貢献できるでしょう。"", ""score"": 85}",85,1,2026-07-16 01:57:04
2,https://www.shimogamosaryo.co.jp/company/,株式会社下鴨茶寮,飲食業,"{""companyName"": ""株式会社下鴨茶寮"", ""cost"": ""初期10万円〜＋月額2.5万円/人"", ""field"": ""外食業"", ""headcount"": ""1〜5名"", ""industry"": ""飲食業"", ""reason"": ""老舗料亭であり、外食業分野での特定技能外国人の受け入れが可能です。特に調理や接客の分野で活躍が期待できます。ブランドイメージを維持しつつ、人手不足解消に繋がるでしょう。"", ""score"": 85}",85,1,2026-07-16 01:58:59
3,https://www.shimogamosaryo.co.jp/company/,株式会社下鴨茶寮,飲食業,"{""companyName"": ""株式会社下鴨茶寮"", ""cost"": ""初期10万円〜＋月額2.5万円/人"", ""field"": ""外食業"", ""headcount"": ""1〜5名"", ""industry"": ""飲食業"", ""reason"": ""老舗料亭であり、外食業分野での特定技能外国人の受け入れが可能です。人手不足の解消や国際化に貢献できるでしょう。"", ""score"": 85}",85,1,2026-07-16 01:59:37
30001,https://www.dmgmori.co.jp/,DMG森精機株式会社,機械製造業,"{""companyName"": ""DMG森精機株式会社"", ""cost"": ""初期10万円〜＋月額2.5万円/人"", ""field"": ""素形材・産業機械・電気電子情報関連製造業"", ""headcount"": ""10名以上"", ""industry"": ""機械製造業"", ""reason"": ""工作機械の製造・販売を手掛ける企業であり、素形材・産業機械・電気電子情報関連製造業分野の特定技能外国人材の活用余地が高いと判断しました。工場での生産ラインや機械組立など、多岐にわたる業務で活躍が期待されます。"", ""score"": 85}",85,1,2026-07-16 02:07:55
30002,https://www.fanuc.co.jp/,株式会社FANUC,製造業,"{""companyName"": ""株式会社FANUC"", ""cost"": ""初期10万円〜＋月額2.5万円/人"", ""field"": ""素形材・産業機械・電気電子情報関連製造業"", ""headcount"": ""10名以上"", ""industry"": ""製造業"", ""reason"": ""FA機器、ロボット、ロボマシンを製造しており、特定技能の「素形材・産業機械・電気電子情報関連製造業」分野に合致する。大規模企業であり、多くの外国人材の受入れ余地がある。"", ""score"": 85}",85,1,2026-07-16 02:08:20
60001,https://長崎電気軌道,長崎電気軌道,運輸業,"{""companyName"": ""長崎電気軌道"", ""cost"": ""初期10万円〜＋月額2.5万円/人"", ""field"": null, ""headcount"": ""1〜5名"", ""industry"": ""運輸業"", ""reason"": ""長崎電気軌道は路面電車を運行する運輸業であり、特定技能の12分野には直接該当する分野がありません。ただし、清掃業務や事務補助などで間接的に活用できる可能性はあります。"", ""score"": 30}",30,1,2026-07-16 02:09:26
90001,https://www.skylark.co.jp,すかいらーくグループ,飲食業,"{""companyName"": ""すかいらーくグループ"", ""cost"": ""初期10万円ー＋月額2.5万円/人"", ""field"": ""外食業"", ""headcount"": ""10名以上"", ""industry"": ""飲食業"", ""reason"": ""a)外食業に直接該当(40点)。b)飲食業界は人手不足が深刻で現場職が多い(30点)。c)公式サイトから事業内容と規模が明確に確認できた(23点)。"", ""score"": 93}",93,,2026-07-16 02:12:57
90002,https://www.shimizu.co.jp,シミヅ産業株式会社,総合商社,"{""companyName"": ""シミヅ産業株式会社"", ""cost"": ""初期10万円ー＋月額2.5万円/人"", ""field"": null, ""headcount"": ""1ー5名"", ""industry"": ""総合商社"", ""reason"": ""事業内容がモノづくりの総合商社であり、特定技能12分野に直接該当する業務は確認できませんでした(a:0点)。業界全体の人手不足はありますが、現場職の比重は低いと推測されます(b:10点)。事業内容は明確に確認できました(c:20点)。"", ""score"": 30}",30,,2026-07-16 02:13:09
90003,https://www.nomura.co.jp,野村證券,金融業（証券）,"{""companyName"": ""野村證券"", ""cost"": ""初期10万円ー＋月額2.5万円/人"", ""field"": null, ""headcount"": ""10名以上"", ""industry"": ""金融業（証券）"", ""reason"": ""a) 特定技能12分野には該当しないため0点。b) 金融業界は人手不足ではあるものの、現場職の比重は低く5点。c) 企業情報や事業内容は明確に確認できたため5点。"", ""score"": 10}",10,,2026-07-16 02:13:17
120001,https://www.joshin-dentetsu.co.jp/,上信電鉄株式会社,鉄道業,"{""companyName"": ""上信電鉄株式会社"", ""cost"": ""初期10万円ー＋月額2.5万円/人"", ""field"": null, ""headcount"": ""1ー5名"", ""industry"": ""鉄道業"", ""reason"": ""a) 特定技能12分野に直接該当する業務は見当たりません（5点）。b) 鉄道業は人手不足が深刻ですが、特定技能の対象外です（20点）。c) 会社概要や事業内容が明確に確認できました（10点）。"", ""score"": 35}",35,1,2026-07-16 02:19:22
150001,https://www.joshin-dentetsu.co.jp/,上信電鉄株式会社,鉄道業,"{""companyName"": ""上信電鉄株式会社"", ""cost"": ""初期10万円ー＋月額2.5万円/人"", ""field"": null, ""headcount"": ""不明"", ""industry"": ""鉄道業"", ""reason"": ""a) 特定技能12分野に直接該当する業務が見当たらないため4点。b) 鉄道業は人手不足が指摘されるものの、ページからは現場職の比重が不明なため8点。c) 会社概要は確認できるが、特定技能の受入れに直結する事業内容は不明瞭なため3点。"", ""score"": 15}",15,1,2026-07-16 02:22:14
180001,https://kikunoi.jp/restaurant/,菊乃井,飲食業,"{""companyName"": ""菊乃井"", ""cost"": ""初期10万円ー＋月額2.5万円/人"", ""field"": ""外食業"", ""headcount"": ""1ー5名"", ""industry"": ""飲食業"", ""reason"": ""a)外食業に直接該当し、調理・接客業務が明確。b)料亭は人手不足が深刻で現場職の比重が高い。c)ミシュラン評価やメニュー、店舗情報が詳細で、事業内容が具体的に確認できたため高評価。"", ""score"": 85}",85,1,2026-07-16 02:25:07
210001,https://www.fanuc.co.jp/,ファナック株式会社,製造業（FA機器、ロボット、ロボマシン）,"{""companyName"": ""ファナック株式会社"", ""cost"": ""初期10万円ー＋月額2.5万円/人"", ""field"": ""素形材・産業機械・電気電子情報関連製造業"", ""headcount"": ""10名以上"", ""industry"": ""製造業（FA機器、ロボット、ロボマシン）"", ""reason"": ""a)事業内容は産業機械製造に直接該当し40点。b)製造業は人手不足が深刻で、現場作業も多いため30点。c)企業情報が詳細に記載されており、事業内容が明確なため25点。"", ""score"": 85}",85,1,2026-07-16 02:30:54
210002,https://www.fanuc.co.jp/,ファナック株式会社,産業用ロボット・FA機器製造,"{""companyName"": ""ファナック株式会社"", ""cost"": ""初期10万円ー＋月額2.5万円/人"", ""field"": ""素形材・産業機械・電気電子情報関連製造業"", ""headcount"": ""10名以上"", ""industry"": ""産業用ロボット・FA機器製造"", ""reason"": ""a)35点: FA機器、ロボット、ロボマシンの製造は「素形材・産業機械・電気電子情報関連製造業」に直接該当。b)30点: 製造業は全般的に人手不足が深刻で、特に現場での製造・組立作業は特定技能のニーズが高い。c)20点: ページ内容から事業内容が明確に確認できた。"", ""score"": 85}",85,,2026-07-16 02:31:12
240001,https://www.fanuc.co.jp/,ファナック株式会社,製造業,"{""companyName"": ""ファナック株式会社"", ""cost"": ""初期10万円ー＋月額2.5万円/人"", ""field"": ""工業製品製造業"", ""headcount"": ""10名以上"", ""industry"": ""製造業"", ""reason"": ""a)40点：FA、ロボット、ロボマシン製造は工業製品製造業に直接該当。b)25点：製造業全体で人手不足が深刻であり、現場での製造業務も多い。c)20点：企業規模や事業内容が明確に確認でき、特定技能の活用余地が高いと判断。"", ""score"": 85}",85,1,2026-07-16 02:43:48
240002,https://www.joshin-dentetsu.co.jp/,上信電鉄株式会社,鉄道業,"{""companyName"": ""上信電鉄株式会社"", ""cost"": ""初期10万円ー＋月額2.5万円/人"", ""field"": ""鉄道"", ""headcount"": ""10名以上"", ""industry"": ""鉄道業"", ""reason"": ""a)40点:鉄道事業が明確で特定技能「鉄道」分野に完全に合致。b)25点:鉄道業界は人手不足が深刻であり、現場作業が多い。c)25点:会社概要や事業内容が詳細に記載されており、情報の確からしさが高い。"", ""score"": 90}",90,,2026-07-16 02:44:52
270001,https://dlhd-web.com/index.html,株式会社ディアローグホールディングス,持株会社（美容、保育、建築設計）,"{""companyName"": ""株式会社ディアローグホールディングス"", ""cost"": ""初期10万円ー＋月額2.5万円/人"", ""field"": null, ""headcount"": ""不明"", ""industry"": ""持株会社（美容、保育、建築設計）"", ""reason"": ""a)分野該当性は、ホールディングス企業であり、直接的な特定技能分野への該当は確認できないため低評価(5点)。傘下企業に美容、保育、建築設計があるが、これらは特定技能の直接的な対象外。b)人手不足度は、傘下事業の人手不足は推測されるものの、ホールディングスとしての直接的な現場職の比重は低いため中評価(15点)。c)情報の確からしさは、ホールディングスとしての事業内容は把握できるが、具体的な現場業務や規模が不明なため中評価(15点)。"", ""score"": 35}",35,1,2026-07-16 03:34:52
270002,https://kikunoi.jp/restaurant/,菊乃井,飲食業,"{""companyName"": ""菊乃井"", ""cost"": ""初期10万円ー＋月額2.5万円/人"", ""field"": ""外食業"", ""headcount"": ""1ー5名"", ""industry"": ""飲食業"", ""reason"": ""a)外食業に直接該当し、調理・接客業務が明確。40点。b)料亭は人手不足が深刻で現場職の比重も高い。30点。c)事業内容や規模が明確に確認できた。25点。合計85点。"", ""score"": 85}",85,,2026-07-16 03:35:14
270003,https://www.fanuc.co.jp/,ファナック株式会社,製造業,"{""companyName"": ""ファナック株式会社"", ""cost"": ""初期10万円ー＋月額2.5万円/人"", ""field"": ""工業製品製造業"", ""headcount"": ""10名以上"", ""industry"": ""製造業"", ""reason"": ""a) 工業用ロボットやFA機器の製造を手掛けており、「工業製品製造業」に直接該当するため40点。b) 製造業全般で人手不足が深刻であり、現場作業の比重も高いため30点。c) 企業情報や事業内容が詳細に記載されており、確からしいため15点。"", ""score"": 85}",85,1,2026-07-16 03:35:36
270004,https://www.shimogamosaryo.co.jp/,下鴨茶寮,飲食業,"{""companyName"": ""下鴨茶寮"", ""cost"": ""初期10万円ー＋月額2.5万円/人"", ""field"": ""外食業"", ""headcount"": ""1ー5名"", ""industry"": ""飲食業"", ""reason"": ""a)外食業に直接該当し40点。b)料亭は人手不足が深刻で現場職の比重も高く30点。c)事業内容や規模が具体的に確認できたため25点。合計85点。"", ""score"": 85}",85,1,2026-07-16 03:35:47
300001,https://kikunoi.jp/restaurant/,菊乃井,飲食業,"{""companyName"": ""菊乃井"", ""cost"": ""初期10〜30万円＋月額2〜4万円/人"", ""field"": ""外食業"", ""headcount"": ""10名以上"", ""industry"": ""飲食業"", ""reason"": ""a)分野該当性40点、b)人手不足度28点、c)情報の確からしさ25点、合計93点。a. 事業内容が懐石料理を提供する料亭であり、外食業に直接該当するため40点。b. 飲食業界は人手不足が深刻で、現場での調理・接客業務が中心のため28点。c. ページから事業内容、店舗規模、ミシュラン評価などが具体的に確認できたため25点。"", ""score"": 93, ""scoreBreakdown"": {""field"": 40, ""info"": 25, ""labor"": 28}, ""scoreField"": 40, ""scoreInfo"": 25, ""scoreLabor"": 28}",93,1,2026-07-16 04:49:41
300002,https://kikunoi.jp/restaurant/,菊乃井,飲食業,"{""companyName"": ""菊乃井"", ""cost"": ""初期10〜30万円＋月額2〜4万円/人"", ""field"": ""外食業"", ""headcount"": ""10名以上"", ""industry"": ""飲食業"", ""reason"": ""a)分野該当性40点、b)人手不足度28点、c)情報の確からしさ25点、合計93点。a.料亭経営であり「外食業」に直接該当するため40点。b.飲食業界は人手不足が深刻で現場職の比重も高いため28点。c.ミシュランガイドの評価や店舗情報が具体的に記載されており、事業内容が明確に確認できたため25点。"", ""score"": 93, ""scoreBreakdown"": {""field"": 40, ""info"": 25, ""labor"": 28}, ""scoreField"": 40, ""scoreInfo"": 25, ""scoreLabor"": 28}",93,1,2026-07-16 04:49:59
300003,https://kikunoi.jp/restaurant/,菊乃井,飲食業,"{""companyName"": ""菊乃井"", ""cost"": ""初期10〜30万円＋月額2〜4万円/人"", ""field"": ""外食業"", ""headcount"": ""10名以上"", ""industry"": ""飲食業"", ""reason"": ""a)分野該当性40点、b)人手不足度25点、c)情報の確からしさ28点、合計93点。a. 事業内容が懐石料理を提供する料亭であり、外食業に直接該当するため40点。b. 飲食業界は慢性的な人手不足であり、料亭という性質上、現場でのサービス提供が重要であるため25点。c. ページ内容から事業内容、規模、店舗情報が具体的に確認できたため28点。"", ""score"": 93, ""scoreBreakdown"": {""field"": 40, ""info"": 28, ""labor"": 25}, ""scoreField"": 40, ""scoreInfo"": 28, ""scoreLabor"": 25}",93,1,2026-07-16 04:50:01
330001,https://kikunoi.jp/restaurant/,菊乃井,飲食業,"{""companyName"": ""菊乃井"", ""cost"": ""初期10〜30万円＋月額2〜4万円/人"", ""field"": ""外食業"", ""headcount"": ""10名以上"", ""industry"": ""飲食業"", ""reason"": ""a)分野該当性40点、b)人手不足度25点、c)情報の確からしさ28点、合計93点。a.料亭経営であり、外食業に直接該当するため40点。b.飲食業界は人手不足が深刻であり、現場での調理・接客が中心のため25点。c.ミシュラン掲載情報や詳細なメニュー、店舗情報が明確に記載されており、事業内容が具体的に確認できたため28点。"", ""score"": 93, ""scoreBreakdown"": {""field"": 40, ""info"": 28, ""labor"": 25}, ""scoreField"": 40, ""scoreInfo"": 28, ""scoreLabor"": 25}",93,1,2026-07-16 04:51:27
330002,https://kikunoi.jp/restaurant/,菊乃井,飲食業,"{""companyName"": ""菊乃井"", ""cost"": ""初期10〜30万円＋月額2〜4万円/人"", ""field"": ""外食業"", ""headcount"": ""10名以上"", ""industry"": ""飲食業"", ""reason"": ""a)分野該当性40点、b)人手不足度25点、c)情報の確からしさ28点、合計93点。a. 事業内容が懐石料理を提供する料亭であり、外食業に直接該当するため40点。b. 飲食業界は慢性的な人手不足であり、料亭という性質上、現場でのサービス提供が重要であるため25点。c. ページ内容から事業内容や店舗規模、ミシュラン評価などの詳細が具体的に確認できたため28点。"", ""score"": 93, ""scoreBreakdown"": {""field"": 40, ""info"": 28, ""labor"": 25}, ""scoreField"": 40, ""scoreInfo"": 28, ""scoreLabor"": 25}",93,1,2026-07-16 04:51:29
330003,https://kikunoi.jp/restaurant/,菊乃井,飲食業,"{""companyName"": ""菊乃井"", ""cost"": ""初期10〜30万円＋月額2〜4万円/人"", ""field"": ""外食業"", ""headcount"": ""10名以上"", ""industry"": ""飲食業"", ""reason"": ""a)分野該当性40点、b)人手不足度28点、c)情報の確からしさ8点、合計76点。URLから高級日本料理店と推測され、特定技能「外食業」に直接該当するためa=40。飲食業界は人手不足が深刻で現場職の比重も高いためb=28。URLのみからの推測であり、詳細な事業内容や規模は不明なためc=8。"", ""score"": 76, ""scoreBreakdown"": {""field"": 40, ""info"": 8, ""labor"": 28}, ""scoreField"": 40, ""scoreInfo"": 8, ""scoreLabor"": 28}",76,1,2026-07-16 04:51:34
330004,https://kikunoi.jp/restaurant/,菊乃井,飲食業,"{""companyName"": ""菊乃井"", ""cost"": ""初期10〜30万円＋月額2〜4万円/人"", ""field"": ""外食業"", ""headcount"": ""10名以上"", ""industry"": ""飲食業"", ""reason"": ""a)分野該当性40点、b)人手不足度25点、c)情報の確からしさ28点、合計93点。a. 事業内容が懐石料理を提供する料亭であり、外食業に直接該当するため40点。b. 飲食業界は慢性的な人手不足であり、料亭という特性上、現場でのサービス提供が重要であるため25点。c. ページから事業内容、店舗規模、ミシュラン評価などの詳細な情報が確認できたため28点。"", ""score"": 93, ""scoreBreakdown"": {""field"": 40, ""info"": 28, ""labor"": 25}, ""scoreField"": 40, ""scoreInfo"": 28, ""scoreLabor"": 25}",93,1,2026-07-16 04:51:38
330005,https://kikunoi.jp/restaurant/,菊乃井,飲食業,"{""companyName"": ""菊乃井"", ""cost"": ""初期10〜30万円＋月額2〜4万円/人"", ""field"": ""外食業"", ""headcount"": ""10名以上"", ""industry"": ""飲食業"", ""reason"": ""a)分野該当性40点、b)人手不足度25点、c)情報の確からしさ28点、合計93点。a.料亭経営であり、外食業に直接該当するため40点。b.飲食業界は人手不足が深刻であり、現場での調理・接客業務が中心のため25点。c.店舗情報やメニュー、ミシュラン評価など事業内容が詳細に確認できたため28点。"", ""score"": 93, ""scoreBreakdown"": {""field"": 40, ""info"": 28, ""labor"": 25}, ""scoreField"": 40, ""scoreInfo"": 28, ""scoreLabor"": 25}",93,1,2026-07-16 04:51:40
330006,https://kikunoi.jp/restaurant/,菊乃井,飲食業,"{""companyName"": ""菊乃井"", ""cost"": ""初期10〜30万円＋月額2〜4万円/人"", ""field"": ""外食業"", ""headcount"": ""10名以上"", ""industry"": ""飲食業"", ""reason"": ""a)分野該当性40点、b)人手不足度25点、c)情報の確からしさ28点、合計93点。a.料亭経営であり、外食業に直接該当するため40点。b.飲食業界は慢性的な人手不足であり、現場での調理・接客業務が中心と推測されるため25点。c.ミシュランガイドの評価や詳細な店舗情報、メニュー、採用情報まで確認でき、事業内容が明確なため28点。"", ""score"": 93, ""scoreBreakdown"": {""field"": 40, ""info"": 28, ""labor"": 25}, ""scoreField"": 40, ""scoreInfo"": 28, ""scoreLabor"": 25}",93,1,2026-07-16 04:51:42
360001,https://kikunoi.jp/restaurant/,菊乃井,飲食業,"{""companyName"": ""菊乃井"", ""cost"": ""初期10〜30万円＋月額2〜4万円/人"", ""field"": ""外食業"", ""headcount"": ""10名以上"", ""industry"": ""飲食業"", ""reason"": ""a)分野該当性40点、b)人手不足度25点、c)情報の確からしさ28点、合計93点。a.料亭経営であり「外食業」に直接該当するため40点。b.飲食業界は人手不足が深刻で、料亭は現場作業の比重が高いため25点。c.ミシュラン評価や店舗情報が詳細に記載されており、事業内容が明確に確認できたため28点。"", ""score"": 93, ""scoreBreakdown"": {""field"": 40, ""info"": 28, ""labor"": 25}, ""scoreField"": 40, ""scoreInfo"": 28, ""scoreLabor"": 25}",93,1,2026-07-16 04:53:55
360002,https://kikunoi.jp/restaurant/,菊乃井,飲食業,"{""companyName"": ""菊乃井"", ""cost"": ""初期10〜30万円＋月額2〜4万円/人"", ""field"": ""外食業"", ""headcount"": ""10名以上"", ""industry"": ""飲食業"", ""reason"": ""a)分野該当性40点、b)人手不足度25点、c)情報の確からしさ28点、合計93点。a. 事業内容が懐石料理を提供する料亭であり、「外食業」に直接該当するため40点。b. 飲食業は慢性的な人手不足であり、現場での調理・接客が中心のため25点。c. ページから店舗情報、提供サービス、ミシュラン評価まで詳細に確認できたため28点。"", ""score"": 93, ""scoreBreakdown"": {""field"": 40, ""info"": 28, ""labor"": 25}, ""scoreField"": 40, ""scoreInfo"": 28, ""scoreLabor"": 25}",93,1,2026-07-16 04:53:57
360003,https://kikunoi.jp/restaurant/,菊乃井,飲食業,"{""companyName"": ""菊乃井"", ""cost"": ""初期10〜30万円＋月額2〜4万円/人"", ""field"": ""外食業"", ""headcount"": ""10名以上"", ""industry"": ""飲食業"", ""reason"": ""a)分野該当性40点、b)人手不足度25点、c)情報の確からしさ30点、合計95点。a. 事業内容が懐石料理を提供する料亭であり、特定技能「外食業」に直接該当するため40点と評価。b. 飲食業界は慢性的な人手不足であり、料亭という性質上、現場でのサービス提供が中心となるため25点。c. ページ内容から事業内容、店舗規模、ミシュラン評価などの詳細が明確に確認できたため30点とした。"", ""score"": 95, ""scoreBreakdown"": {""field"": 40, ""info"": 30, ""labor"": 25}, ""scoreField"": 40, ""scoreInfo"": 30, ""scoreLabor"": 25}",95,1,2026-07-16 04:54:06
360004,https://kikunoi.jp/restaurant/,菊乃井,飲食業,"{""companyName"": ""菊乃井"", ""cost"": ""初期10〜30万円＋月額2〜4万円/人"", ""field"": ""外食業"", ""headcount"": ""10名以上"", ""industry"": ""飲食業"", ""reason"": ""a)分野該当性40点、b)人手不足度28点、c)情報の確からしさ25点、合計93点。a. 事業内容が懐石料理を提供する料亭であり、外食業に直接該当するため40点。b. 飲食業界は人手不足が深刻であり、特に料亭は現場での調理・接客業務が中心のため28点。c. ページから事業内容、店舗規模、ミシュラン評価などの情報が具体的に確認できたため25点。"", ""score"": 93, ""scoreBreakdown"": {""field"": 40, ""info"": 25, ""labor"": 28}, ""scoreField"": 40, ""scoreInfo"": 25, ""scoreLabor"": 28}",93,1,2026-07-16 04:54:09
360005,https://kikunoi.jp/restaurant/,菊乃井,飲食業,"{""companyName"": ""菊乃井"", ""cost"": ""初期10〜30万円＋月額2〜4万円/人"", ""field"": ""外食業"", ""headcount"": ""10名以上"", ""industry"": ""飲食業"", ""reason"": ""a)分野該当性40点、b)人手不足度25点、c)情報の確からしさ28点、合計93点。a.料亭という業態が外食業に直接該当するため40点。b.飲食業界は人手不足が深刻であり、調理や接客は現場作業の比重が高いため25点。c.ミシュラン評価やメニュー、店舗情報が詳細に記載されており、事業内容が明確なため28点。"", ""score"": 93, ""scoreBreakdown"": {""field"": 40, ""info"": 28, ""labor"": 25}, ""scoreField"": 40, ""scoreInfo"": 28, ""scoreLabor"": 25}",93,1,2026-07-16 04:55:08
360006,https://kikunoi.jp/restaurant/,菊乃井,飲食業,"{""companyName"": ""菊乃井"", ""cost"": ""初期10〜30万円＋月額2〜4万円/人"", ""field"": ""外食業"", ""headcount"": ""10名以上"", ""industry"": ""飲食業"", ""reason"": ""a)分野該当性40点、b)人手不足度28点、c)情報の確からしさ25点、合計93点。a.事業内容が料亭経営であり「外食業」に直接該当するため40点。b.飲食業界は慢性的な人手不足であり、料亭は現場での調理・接客が中心のため28点。c.ミシュラン評価や店舗情報が具体的に記載されており、事業内容が明確に確認できたため25点。"", ""score"": 93, ""scoreBreakdown"": {""field"": 40, ""info"": 25, ""labor"": 28}, ""scoreField"": 40, ""scoreInfo"": 25, ""scoreLabor"": 28}",93,1,2026-07-16 04:55:10
360007,https://www.torisen.co.jp/,とりせん,スーパーマーケット,"{""companyName"": ""とりせん"", ""cost"": ""初期10〜30万円＋月額2〜4万円/人"", ""field"": ""飲食料品製造業"", ""headcount"": ""10名以上"", ""industry"": ""スーパーマーケット"", ""reason"": ""a)分野該当性30点、b)人手不足度25点、c)情報の確からしさ25点、合計80点。a) スーパーマーケット業態は「外食業」に該当しうるが、食料品の加工・製造も行うため「飲食料品製造業」も一部該当。b) 小売業、特にスーパーマーケットは人手不足が深刻で現場職の比重も高い。c) 会社概要や事業内容が具体的に確認でき、店舗展開も明確なため。"", ""score"": 80, ""scoreBreakdown"": {""field"": 30, ""info"": 25, ""labor"": 25}, ""scoreField"": 30, ""scoreInfo"": 25, ""scoreLabor"": 25}",80,,2026-07-16 04:55:46
360008,https://www.torisen.co.jp/,とりせん,スーパーマーケット,"{""companyName"": ""とりせん"", ""cost"": ""初期10〜30万円＋月額2〜4万円/人"", ""field"": ""飲食料品製造業"", ""headcount"": ""10名以上"", ""industry"": ""スーパーマーケット"", ""reason"": ""a)分野該当性25点、b)人手不足度25点、c)情報の確からしさ28点、合計78点。a) スーパーマーケットは飲食料品製造業（惣菜製造など）に一部該当する可能性があります。b) スーパー業界は人手不足が深刻で、現場作業の比重も高いです。c) ページから事業内容や規模が具体的に確認でき、情報も信頼できます。"", ""score"": 78, ""scoreBreakdown"": {""field"": 25, ""info"": 28, ""labor"": 25}, ""scoreField"": 25, ""scoreInfo"": 28, ""scoreLabor"": 25}",78,,2026-07-16 04:56:08
390001,https://www.fanuc.co.jp/,ファナック株式会社,機械製造業,"{""companyName"": ""ファナック株式会社"", ""cost"": ""初期10万円ー＋月額2.5万円/人"", ""field"": ""工業製品製造業"", ""headcount"": ""10名以上"", ""industry"": ""機械製造業"", ""reason"": ""a) 工業製品製造業に直接該当し、FA、ロボット、ロボマシンの製造を行うため40点。b) 製造業は人手不足が深刻であり、現場での作業も多いため30点。c) ページ内容から事業内容や規模が詳細に確認できたため15点。合計85点。"", ""score"": 85}",85,,2026-07-16 04:57:12
420001,https://kikunoi.jp/restaurant/,菊乃井,飲食業,"{""companyName"": ""菊乃井"", ""cost"": ""初期10〜30万円＋月額2〜4万円/人"", ""field"": ""外食業"", ""headcount"": ""10名以上"", ""industry"": ""飲食業"", ""reason"": ""a)分野該当性40点、b)人手不足度25点、c)情報の確からしさ28点、合計93点。a.料亭経営であり、外食業に直接該当するため40点。b.飲食業界は人手不足が深刻であり、現場での調理・接客業務が中心のため25点。c.店舗情報や提供サービスが詳細に記載されており、事業内容が明確に確認できたため28点。"", ""score"": 93, ""scoreBreakdown"": {""field"": 40, ""info"": 28, ""labor"": 25}, ""scoreField"": 40, ""scoreInfo"": 28, ""scoreLabor"": 25}",93,1,2026-07-16 04:58:43
420002,https://kikunoi.jp/restaurant/,菊乃井,飲食業,"{""companyName"": ""菊乃井"", ""cost"": ""初期10〜30万円＋月額2〜4万円/人"", ""field"": ""外食業"", ""headcount"": ""10名以上"", ""industry"": ""飲食業"", ""reason"": ""a)分野該当性40点、b)人手不足度28点、c)情報の確からしさ25点、合計93点。a. 事業内容が懐石料理を提供する料亭であり、「外食業」に直接該当するため40点。b. 飲食業、特に料亭は人手不足が深刻であり、現場での調理・接客業務が中心であるため28点。c. ページから店舗情報、提供サービス、ミシュラン評価まで具体的に確認できるため25点。"", ""score"": 93, ""scoreBreakdown"": {""field"": 40, ""info"": 25, ""labor"": 28}, ""scoreField"": 40, ""scoreInfo"": 25, ""scoreLabor"": 28}",93,1,2026-07-16 04:58:45
450001,https://kikunoi.jp/restaurant/,菊乃井,料亭業,"{""companyName"": ""菊乃井"", ""cost"": ""初期10〜30万円＋月額2〜4万円/人"", ""field"": ""外食業"", ""headcount"": ""1ー5名"", ""industry"": ""料亭業"", ""reason"": ""a)分野該当性40点、b)人手不足度25点、c)情報の確からしさ28点、合計93点。a)料亭は外食業に直接該当し、調理や接客業務は特定技能の対象です。b)外食産業は慢性的な人手不足であり、料亭も例外ではありません。c)ウェブサイトから事業内容や店舗規模が明確に確認できます。"", ""score"": 93, ""scoreBreakdown"": {""field"": 40, ""info"": 28, ""labor"": 25}, ""scoreField"": 40, ""scoreInfo"": 28, ""scoreLabor"": 25}",93,1,2026-07-16 05:00:45
450002,https://kikunoi.jp/restaurant/,菊乃井,飲食業,"{""companyName"": ""菊乃井"", ""cost"": ""初期10〜30万円＋月額2〜4万円/人"", ""field"": ""外食業"", ""headcount"": ""1ー5名"", ""industry"": ""飲食業"", ""reason"": ""a)分野該当性40点、b)人手不足度28点、c)情報の確からしさ25点、合計93点。a)料亭経営は外食業に直接該当し、特定技能の対象業務と完全に一致します。b)飲食業界は慢性的な人手不足であり、料亭も例外ではありません。c)ウェブサイトから事業内容、店舗規模、提供サービスが具体的に確認でき、情報の確からしさは高いです。"", ""score"": 93, ""scoreBreakdown"": {""field"": 40, ""info"": 25, ""labor"": 28}, ""scoreField"": 40, ""scoreInfo"": 25, ""scoreLabor"": 28}",93,1,2026-07-16 05:00:46
480001,https://kikunoi.jp/restaurant/,菊乃井,飲食業,"{""companyName"": ""菊乃井"", ""cost"": ""初期10〜30万円＋月額2〜4万円/人"", ""field"": ""外食業"", ""headcount"": ""1ー5名"", ""industry"": ""飲食業"", ""reason"": ""a)分野該当性40点、b)人手不足度25点、c)情報の確からしさ28点、合計93点。a.料亭経営であり、外食業分野に直接該当します。b.飲食業界は人手不足が深刻であり、現場での調理・接客業務が中心です。c.ミシュラン評価やメニュー、店舗情報が具体的に記載されており、事業内容が明確です。"", ""score"": 93, ""scoreBreakdown"": {""field"": 40, ""info"": 28, ""labor"": 25}, ""scoreField"": 40, ""scoreInfo"": 28, ""scoreLabor"": 25}",93,1,2026-07-16 05:07:40
480002,https://kikunoi.jp/restaurant/,菊乃井,飲食業,"{""companyName"": ""菊乃井"", ""cost"": ""初期10〜30万円＋月額2〜4万円/人"", ""field"": ""外食業"", ""headcount"": ""1ー5名"", ""industry"": ""飲食業"", ""reason"": ""a)分野該当性40点、b)人手不足度28点、c)情報の確からしさ25点、合計93点。a.料亭経営であり、外食業に直接該当するため40点。b.飲食業界は全般的に人手不足が深刻であり、特に調理や接客は現場作業中心のため28点。c.店舗情報やメニュー、ミシュラン評価など事業内容が具体的に確認できたため25点。"", ""score"": 93, ""scoreBreakdown"": {""field"": 40, ""info"": 25, ""labor"": 28}, ""scoreField"": 40, ""scoreInfo"": 25, ""scoreLabor"": 28}",93,1,2026-07-16 05:07:48
480003,https://www.shimogamosaryo.co.jp/,下鴨茶寮,料亭、飲食業,"{""companyName"": ""下鴨茶寮"", ""cost"": ""初期10〜30万円＋月額2〜4万円/人"", ""field"": ""外食業"", ""headcount"": ""1ー5名"", ""industry"": ""料亭、飲食業"", ""reason"": ""a)分野該当性40点、b)人手不足度25点、c)情報の確からしさ28点、合計93点。a)事業内容が料亭経営であり「外食業」に直接該当するため40点。b)飲食業界は慢性的な人手不足であり、料亭という現場作業が中心であるため25点。c)会社名、事業内容、店舗情報、営業時間などが具体的に確認できたため28点としました。"", ""score"": 93, ""scoreBreakdown"": {""field"": 40, ""info"": 28, ""labor"": 25}, ""scoreField"": 40, ""scoreInfo"": 28, ""scoreLabor"": 25}",93,,2026-07-16 05:08:00
480004,https://www.shimogamosaryo.co.jp/,下鴨茶寮,料亭、飲食業,"{""companyName"": ""下鴨茶寮"", ""cost"": ""初期10〜30万円＋月額2〜4万円/人"", ""field"": ""外食業"", ""headcount"": ""1ー5名"", ""industry"": ""料亭、飲食業"", ""reason"": ""a)分野該当性40点、b)人手不足度25点、c)情報の確からしさ28点、合計93点。a) 料亭での京料理提供は「外食業」に直接該当するため40点と評価しました。b) 飲食業界は人手不足が深刻であり、特に料亭のような専門性の高い現場は需要が高いため25点としました。c) ページ内容から事業内容や規模が具体的に確認できたため28点としました。"", ""score"": 93, ""scoreBreakdown"": {""field"": 40, ""info"": 28, ""labor"": 25}, ""scoreField"": 40, ""scoreInfo"": 28, ""scoreLabor"": 25}",93,,2026-07-16 05:08:27
510001,https://kikunoi.jp/restaurant/,菊乃井,料亭業,"{""companyName"": ""菊乃井"", ""cost"": ""初期10〜30万円＋月額2〜4万円/人"", ""field"": ""外食業"", ""headcount"": ""1ー5名"", ""industry"": ""料亭業"", ""reason"": ""a)分野該当性40点、b)人手不足度25点、c)情報の確からしさ28点、合計93点。a)料亭は外食業に直接該当し、調理や接客業務が特定技能の対象。b)外食産業は人手不足が深刻で、料亭も現場でのサービス提供が中心。c)ミシュラン評価やメニュー、店舗情報が詳細に記載されており、事業内容が明確に確認できた。"", ""score"": 93, ""scoreBreakdown"": {""field"": 40, ""info"": 28, ""labor"": 25}, ""scoreField"": 40, ""scoreInfo"": 28, ""scoreLabor"": 25}",93,1,2026-07-16 05:09:17
510002,https://kikunoi.jp/restaurant/,菊乃井,飲食業,"{""companyName"": ""菊乃井"", ""cost"": ""初期10〜30万円＋月額2〜4万円/人"", ""field"": ""外食業"", ""headcount"": ""1ー5名"", ""industry"": ""飲食業"", ""reason"": ""a)分野該当性38点、b)人手不足度25点、c)情報の確からしさ28点、合計91点。京料理の料亭であり、外食業分野に直接該当します(a:38)。飲食業界は人手不足が深刻であり、現場での調理・接客業務が中心と推測されます(b:25)。Webサイトから事業内容や店舗規模が具体的に確認できました(c:28)。"", ""score"": 91, ""scoreBreakdown"": {""field"": 38, ""info"": 28, ""labor"": 25}, ""scoreField"": 38, ""scoreInfo"": 28, ""scoreLabor"": 25}",91,1,2026-07-16 05:09:19
510003,https://kikunoi.jp/restaurant/,菊乃井,飲食業,"{""companyName"": ""菊乃井"", ""cost"": ""初期10〜30万円＋月額2〜4万円/人"", ""field"": ""外食業"", ""headcount"": ""1ー5名"", ""industry"": ""飲食業"", ""reason"": ""a)分野該当性40点、b)人手不足度25点、c)情報の確からしさ28点、合計93点。a.料亭経営は外食業に直接該当し、特定技能の対象業務と合致するため40点。b.飲食業界は人手不足が深刻であり、料亭の現場作業も多いため25点。c.ミシュラン評価やメニュー、店舗情報が詳細に記載されており、事業内容が明確に確認できたため28点。"", ""score"": 93, ""scoreBreakdown"": {""field"": 40, ""info"": 28, ""labor"": 25}, ""scoreField"": 40, ""scoreInfo"": 28, ""scoreLabor"": 25}",93,1,2026-07-16 05:10:55
510004,https://kikunoi.jp/restaurant/,菊乃井,飲食業,"{""companyName"": ""菊乃井"", ""cost"": ""初期10〜30万円＋月額2〜4万円/人"", ""field"": ""外食業"", ""headcount"": ""1ー5名"", ""industry"": ""飲食業"", ""reason"": ""a)分野該当性40点、b)人手不足度30点、c)情報の確からしさ28点、合計98点。a.料亭経営であり「外食業」に直接該当するため40点。b.飲食業界は慢性的な人手不足であり、料亭という現場作業中心の業態のため30点。c.会社概要や具体的な店舗情報、メニュー、価格まで詳細に記載されており、事業内容が明確に確認できたため28点。"", ""score"": 98, ""scoreBreakdown"": {""field"": 40, ""info"": 28, ""labor"": 30}, ""scoreField"": 40, ""scoreInfo"": 28, ""scoreLabor"": 30}",98,1,2026-07-16 05:10:58
540001,https://kikunoi.jp/restaurant/,菊乃井,飲食業,"{""companyName"": ""菊乃井"", ""cost"": ""初期10〜30万円＋月額2〜4万円/人"", ""field"": ""外食業"", ""headcount"": ""1ー5名"", ""industry"": ""飲食業"", ""reason"": ""a)分野該当性40点、b)人手不足度25点、c)情報の確からしさ28点、合計93点。a.料亭経営であり「外食業」に直接該当するため40点。b.飲食業界は慢性的な人手不足であり、料亭という現場作業中心の業態のため25点。c.ミシュラン評価やメニュー、営業時間、席数など具体的な情報が豊富で、事業内容が明確に確認できたため28点。"", ""score"": 93, ""scoreBreakdown"": {""field"": 40, ""info"": 28, ""labor"": 25}, ""scoreField"": 40, ""scoreInfo"": 28, ""scoreLabor"": 25}",93,1,2026-07-16 05:15:52
540002,https://kikunoi.jp/restaurant/,菊乃井,飲食業,"{""companyName"": ""菊乃井"", ""cost"": ""初期10〜30万円＋月額2〜4万円/人"", ""field"": ""外食業"", ""headcount"": ""1ー5名"", ""industry"": ""飲食業"", ""reason"": ""a)分野該当性40点、b)人手不足度28点、c)情報の確からしさ25点、合計93点。a.料亭経営は外食業に直接該当するため高得点。b.飲食業界は人手不足が深刻であり、料亭も例外ではないため高得点。c.事業内容や店舗情報が詳細に記載されており、情報の確からしさは高いと判断した。"", ""score"": 93, ""scoreBreakdown"": {""field"": 40, ""info"": 25, ""labor"": 28}, ""scoreField"": 40, ""scoreInfo"": 25, ""scoreLabor"": 28}",93,1,2026-07-16 05:15:54
570001,https://dlhd-web.com/index.html,株式会社ディアローグホールディングス,美容・保育・建築設計,"{""companyName"": ""株式会社ディアローグホールディングス"", ""cost"": ""初期10〜30万円＋月額2〜4万円/人"", ""field"": null, ""headcount"": ""1ー5名"", ""industry"": ""美容・保育・建築設計"", ""reason"": ""a)分野該当性5点、b)人手不足度10点、c)情報の確からしさ25点、合計40点。a) 美容・保育・建築設計は特定技能分野に直接該当しないため5点。b) 各分野で人手不足はあるものの、ホールディングスとしての情報のため10点。c) グループ企業情報や事業内容が具体的に確認できたため25点。"", ""score"": 40, ""scoreBreakdown"": {""field"": 5, ""info"": 25, ""labor"": 10}, ""scoreField"": 5, ""scoreInfo"": 25, ""scoreLabor"": 10}",40,,2026-07-16 05:16:57
600001,https://kikunoi.jp/restaurant/,菊乃井,飲食業,"{""companyName"": ""菊乃井"", ""cost"": ""初期10〜30万円＋月額2〜4万円/人"", ""field"": ""外食業"", ""headcount"": ""1ー5名"", ""industry"": ""飲食業"", ""reason"": ""a)分野該当性38点、b)人手不足度25点、c)情報の確からしさ28点、合計91点。a.料亭という業態は外食業に直接該当し、調理や接客業務は特定技能の対象です。b.飲食業界は人手不足が深刻で、料亭も例外ではありません。c.ミシュラン評価やメニュー、営業時間、席数など具体的な情報が豊富で、事業内容が明確に確認できました。"", ""score"": 91, ""scoreBreakdown"": {""field"": 38, ""info"": 28, ""labor"": 25}, ""scoreField"": 38, ""scoreInfo"": 28, ""scoreLabor"": 25}",91,1,2026-07-16 05:20:00
600002,https://kikunoi.jp/restaurant/,菊乃井,飲食業,"{""companyName"": ""菊乃井"", ""cost"": ""初期10〜30万円＋月額2〜4万円/人"", ""field"": ""外食業"", ""headcount"": ""1ー5名"", ""industry"": ""飲食業"", ""reason"": ""a)分野該当性40点、b)人手不足度25点、c)情報の確からしさ28点、合計93点。a.料亭経営であり、外食業分野に直接該当します。b.飲食業界は人手不足が深刻であり、特に料亭のようなサービス業は現場の比重が高いです。c.店舗情報やメニュー、ミシュラン評価など、事業内容が具体的に確認できました。"", ""score"": 93, ""scoreBreakdown"": {""field"": 40, ""info"": 28, ""labor"": 25}, ""scoreField"": 40, ""scoreInfo"": 28, ""scoreLabor"": 25}",93,1,2026-07-16 05:20:02
600003,https://kikunoi.jp/restaurant/,菊乃井,料亭業,"{""companyName"": ""菊乃井"", ""cost"": ""初期10〜30万円＋月額2〜4万円/人"", ""field"": ""外食業"", ""headcount"": ""1ー5名"", ""industry"": ""料亭業"", ""reason"": ""a)分野該当性38点、b)人手不足度25点、c)情報の確からしさ28点、合計91点。a.料亭としての業務は外食業に直接該当するため高得点。b.飲食業界は人手不足が深刻であり、現場での調理・接客業務が中心と推測されるため。c.会社概要や店舗情報、メニューなどが具体的に記載されており、事業内容が明確に確認できたため。"", ""score"": 91, ""scoreBreakdown"": {""field"": 38, ""info"": 28, ""labor"": 25}, ""scoreField"": 38, ""scoreInfo"": 28, ""scoreLabor"": 25}",91,1,2026-07-16 05:20:33
600004,https://kikunoi.jp/restaurant/,菊乃井,飲食業,"{""companyName"": ""菊乃井"", ""cost"": ""初期10〜30万円＋月額2〜4万円/人"", ""field"": ""外食業"", ""headcount"": ""1ー5名"", ""industry"": ""飲食業"", ""reason"": ""a)分野該当性40点、b)人手不足度28点、c)情報の確からしさ25点、合計93点。a.料亭という業態は外食業に直接該当するため40点。b.飲食業界は全般的に人手不足が深刻で、料亭も例外ではないため28点。c.店舗情報やメニュー、ミシュラン評価など事業内容が明確に確認できたため25点とした。"", ""score"": 93, ""scoreBreakdown"": {""field"": 40, ""info"": 25, ""labor"": 28}, ""scoreField"": 40, ""scoreInfo"": 25, ""scoreLabor"": 28}",93,1,2026-07-16 05:20:35
600005,https://kikunoi.jp/restaurant/,菊乃井,料亭業,"{""companyName"": ""菊乃井"", ""cost"": ""初期10〜30万円＋月額2〜4万円/人"", ""field"": ""外食業"", ""headcount"": ""1ー5名"", ""industry"": ""料亭業"", ""reason"": ""a)分野該当性40点、b)人手不足度25点、c)情報の確からしさ28点、合計93点。a. 外食業に直接該当するため40点。b. 料亭は人手不足が深刻であり、現場でのサービス提供が中心のため25点。c. ページ内容から事業内容、規模、店舗情報が詳細に確認できたため28点としました。"", ""score"": 93, ""scoreBreakdown"": {""field"": 40, ""info"": 28, ""labor"": 25}, ""scoreField"": 40, ""scoreInfo"": 28, ""scoreLabor"": 25}",93,1,2026-07-16 05:21:02
600006,https://kikunoi.jp/restaurant/,菊乃井,飲食業,"{""companyName"": ""菊乃井"", ""cost"": ""初期10〜30万円＋月額2〜4万円/人"", ""field"": ""外食業"", ""headcount"": ""1ー5名"", ""industry"": ""飲食業"", ""reason"": ""a)分野該当性40点、b)人手不足度25点、c)情報の確からしさ28点、合計93点。a.料亭経営であり、外食業分野に直接該当するため40点。b.飲食業界は人手不足が深刻であり、現場での調理・接客業務が中心のため25点。c.ミシュラン評価や詳細な店舗情報、メニュー、予約方法が明記されており、事業内容が具体的に確認できるため28点。"", ""score"": 93, ""scoreBreakdown"": {""field"": 40, ""info"": 28, ""labor"": 25}, ""scoreField"": 40, ""scoreInfo"": 28, ""scoreLabor"": 25}",93,1,2026-07-16 05:21:04
600007,https://kikunoi.jp/restaurant/,菊乃井,飲食サービス業,"{""companyName"": ""菊乃井"", ""cost"": ""初期10〜30万円＋月額2〜4万円/人"", ""field"": ""外食業"", ""headcount"": ""1ー5名"", ""industry"": ""飲食サービス業"", ""prefecture"": ""京都府"", ""reason"": ""a)分野該当性40点、b)人手不足度28点、c)情報の確からしさ29点、合計97点。a)外食業に直接該当し、料亭という業態から専門性も高く評価。b)飲食業界は人手不足が深刻で、料亭も現場のサービス提供が中心。c)会社概要や事業内容が詳細に記載されており、情報の確からしさが高い。"", ""score"": 97, ""scoreBreakdown"": {""field"": 40, ""info"": 29, ""labor"": 28}, ""scoreField"": 40, ""scoreInfo"": 29, ""scoreLabor"": 28}",97,1,2026-07-16 05:21:38
600008,https://kikunoi.jp/restaurant/,菊乃井,飲食業,"{""companyName"": ""菊乃井"", ""cost"": ""初期10〜30万円＋月額2〜4万円/人"", ""field"": ""外食業"", ""headcount"": ""1ー5名"", ""industry"": ""飲食業"", ""prefecture"": ""京都府"", ""reason"": ""a)分野該当性40点、b)人手不足度28点、c)情報の確からしさ29点、合計97点。a) 外食業に明確に該当するため40点。b) 料亭は専門性が高く人手不足が深刻な傾向にあり28点。c) 企業情報や事業内容が詳細に記載されており29点としました。"", ""score"": 97, ""scoreBreakdown"": {""field"": 40, ""info"": 29, ""labor"": 28}, ""scoreField"": 40, ""scoreInfo"": 29, ""scoreLabor"": 28}",97,1,2026-07-16 05:21:39
630001,https://kikunoi.jp/restaurant/,菊乃井,飲食業,"{""companyName"": ""菊乃井"", ""cost"": ""初期10〜30万円＋月額2〜4万円/人"", ""field"": ""外食業"", ""headcount"": ""1ー5名"", ""industry"": ""飲食業"", ""prefecture"": ""京都府"", ""reason"": ""a)分野該当性40点、b)人手不足度25点、c)情報の確からしさ28点、合計93点。a) 外食業に直接該当するため40点。b) 飲食業界は人手不足が深刻であり、料亭の現場業務は多岐にわたるため25点。c) 企業名、事業内容、所在地が明確に記載されており、情報が非常に確からしいため28点としました。"", ""score"": 93, ""scoreBreakdown"": {""field"": 40, ""info"": 28, ""labor"": 25}, ""scoreField"": 40, ""scoreInfo"": 28, ""scoreLabor"": 25}",93,1,2026-07-16 05:24:05
630002,https://kikunoi.jp/restaurant/,菊乃井,飲食業,"{""companyName"": ""菊乃井"", ""cost"": ""初期10〜30万円＋月額2〜4万円/人"", ""field"": ""外食業"", ""headcount"": ""1ー5名"", ""industry"": ""飲食業"", ""prefecture"": ""京都府"", ""reason"": ""a)分野該当性40点、b)人手不足度25点、c)情報の確からしさ28点、合計93点。a) 外食業に明確に該当するため40点。b) 飲食業界は人手不足が深刻であり、料亭という業態は現場でのサービス提供が中心のため25点。c) 企業名、事業内容、所在地が明確に記載されているため28点と評価しました。"", ""score"": 93, ""scoreBreakdown"": {""field"": 40, ""info"": 28, ""labor"": 25}, ""scoreField"": 40, ""scoreInfo"": 28, ""scoreLabor"": 25}",93,1,2026-07-16 05:24:06
630003,https://kikunoi.jp/restaurant/,菊乃井,飲食サービス業,"{""companyName"": ""菊乃井"", ""cost"": ""初期10〜30万円＋月額2〜4万円/人"", ""field"": ""外食業"", ""headcount"": ""1ー5名"", ""industry"": ""飲食サービス業"", ""prefecture"": ""京都府"", ""reason"": ""a)分野該当性40点、b)人手不足度28点、c)情報の確からしさ29点、合計97点。a)外食業に直接該当し、料亭という業態から専門性も高く評価。b)料亭の調理・接客は人手不足が深刻で現場職の比重も高いため高評価。c)ミシュランの評価や詳細な店舗情報から事業内容が明確に確認できたため高評価。"", ""score"": 97, ""scoreBreakdown"": {""field"": 40, ""info"": 29, ""labor"": 28}, ""scoreField"": 40, ""scoreInfo"": 29, ""scoreLabor"": 28}",97,1,2026-07-16 05:24:06
660001,https://kikunoi.jp/restaurant/,菊乃井,飲食業,"{""companyName"": ""菊乃井"", ""cost"": ""初期10〜30万円＋月額2〜4万円/人"", ""field"": ""外食業"", ""headcount"": ""1ー5名"", ""industry"": ""飲食業"", ""prefecture"": ""京都府"", ""reason"": ""a)分野該当性40点、b)人手不足度25点、c)情報の確からしさ28点、合計93点。a) 外食業に直接該当するため40点。b) 料亭は専門性が高く人手不足の業種であり、現場での調理・接客が中心のため25点。c) ページから事業内容と店舗規模が明確に確認できたため28点としました。"", ""score"": 93, ""scoreBreakdown"": {""field"": 40, ""info"": 28, ""labor"": 25}, ""scoreField"": 40, ""scoreInfo"": 28, ""scoreLabor"": 25}",93,1,2026-07-16 05:25:12
660002,https://kikunoi.jp/restaurant/,菊乃井,飲食業,"{""companyName"": ""菊乃井"", ""cost"": ""初期10〜30万円＋月額2〜4万円/人"", ""field"": ""外食業"", ""headcount"": ""1ー5名"", ""industry"": ""飲食業"", ""prefecture"": ""京都府"", ""reason"": ""a)分野該当性40点、b)人手不足度25点、c)情報の確からしさ28点、合計93点。a) 外食業に直接該当するため40点。b) 飲食業界は人手不足が深刻で、料亭の現場作業も多いため25点。c) 企業名、事業内容、所在地が明確に記載されており、情報が非常に確からしいと判断し28点としました。"", ""score"": 93, ""scoreBreakdown"": {""field"": 40, ""info"": 28, ""labor"": 25}, ""scoreField"": 40, ""scoreInfo"": 28, ""scoreLabor"": 25}",93,1,2026-07-16 05:25:12
690001,https://kikunoi.jp/restaurant/,菊乃井,飲食サービス業,"{""companyName"": ""菊乃井"", ""cost"": ""初期10〜30万円＋月額2〜4万円/人"", ""field"": ""外食業"", ""headcount"": ""1ー5名"", ""industry"": ""飲食サービス業"", ""prefecture"": ""京都府"", ""reason"": ""a)分野該当性40点、b)人手不足度25点、c)情報の確からしさ28点、合計93点。a)料亭経営であり「外食業」に直接該当するため40点。b)飲食業界は人手不足が深刻であり、現場での調理・接客業務が中心のため25点。c)会社名、事業内容、所在地、店舗規模が詳細に確認できたため28点としました。"", ""score"": 93, ""scoreBreakdown"": {""field"": 40, ""info"": 28, ""labor"": 25}, ""scoreField"": 40, ""scoreInfo"": 28, ""scoreLabor"": 25}",93,1,2026-07-16 05:25:58
690002,https://kikunoi.jp/restaurant/,菊乃井,飲食業,"{""companyName"": ""菊乃井"", ""cost"": ""初期10〜30万円＋月額2〜4万円/人"", ""field"": ""外食業"", ""headcount"": ""1ー5名"", ""industry"": ""飲食業"", ""prefecture"": ""京都府"", ""reason"": ""a)分野該当性40点、b)人手不足度25点、c)情報の確からしさ28点、合計93点。a) 外食業に明確に該当するため40点。b) 料亭は専門性が高いが、調理補助やホールスタッフは人手不足が深刻なため25点。c) 企業名、事業内容、所在地が明確に確認できたため28点。"", ""score"": 93, ""scoreBreakdown"": {""field"": 40, ""info"": 28, ""labor"": 25}, ""scoreField"": 40, ""scoreInfo"": 28, ""scoreLabor"": 25}",93,1,2026-07-16 05:26:00
690003,https://kikunoi.jp/restaurant/,菊乃井,飲食サービス業,"{""companyName"": ""菊乃井"", ""cost"": ""初期10〜30万円＋月額2〜4万円/人"", ""field"": ""外食業"", ""headcount"": ""1ー5名"", ""industry"": ""飲食サービス業"", ""prefecture"": ""京都府"", ""reason"": ""a)分野該当性40点、b)人手不足度25点、c)情報の確からしさ28点、合計93点。事業内容が懐石料理を提供する料亭であり、特定技能「外食業」に直接該当するためscoreFieldを40としました。飲食業界は人手不足が深刻であり、現場でのサービス提供が中心のためscoreLaborを25としました。ページ内容から事業規模や提供サービスが具体的に確認できたためscoreInfoを28としました。"", ""score"": 93, ""scoreBreakdown"": {""field"": 40, ""info"": 28, ""labor"": 25}, ""scoreField"": 40, ""scoreInfo"": 28, ""scoreLabor"": 25}",93,1,2026-07-16 05:26:00
720001,https://kikunoi.jp/restaurant/,菊乃井,飲食業,"{""companyName"": ""菊乃井"", ""cost"": ""初期10〜30万円＋月額2〜4万円/人"", ""field"": ""外食業"", ""headcount"": ""1ー5名"", ""industry"": ""飲食業"", ""prefecture"": ""京都府"", ""reason"": ""a)分野該当性40点、b)人手不足度25点、c)情報の確からしさ28点、合計93点。a) 外食業に明確に該当するため40点。b) 飲食業界は人手不足が深刻であり、料亭という現場作業中心の業態のため25点。c) 企業名、事業内容、所在地が明確に記載されているため28点としました。"", ""score"": 93, ""scoreBreakdown"": {""field"": 40, ""info"": 28, ""labor"": 25}, ""scoreField"": 40, ""scoreInfo"": 28, ""scoreLabor"": 25}",93,1,2026-07-16 05:27:23
720002,https://kikunoi.jp/restaurant/,菊乃井,飲食業,"{""companyName"": ""菊乃井"", ""cost"": ""初期10〜30万円＋月額2〜4万円/人"", ""field"": ""外食業"", ""headcount"": ""1ー5名"", ""industry"": ""飲食業"", ""prefecture"": ""京都府"", ""reason"": ""a)分野該当性40点、b)人手不足度25点、c)情報の確からしさ28点、合計93点。a) 懐石料理の料亭であり、外食業に直接該当するため40点。b) 飲食業界は慢性的な人手不足であり、接客・調理といった現場職が中心のため25点。c) 企業名、事業内容、所在地、規模感が明確に記載されており、情報の確からしさが高いと判断し28点。"", ""score"": 93, ""scoreBreakdown"": {""field"": 40, ""info"": 28, ""labor"": 25}, ""scoreField"": 40, ""scoreInfo"": 28, ""scoreLabor"": 25}",93,1,2026-07-16 05:27:23
720003,https://kikunoi.jp/restaurant/,菊乃井,飲食業,"{""companyName"": ""菊乃井"", ""cost"": ""初期10〜30万円＋月額2〜4万円/人"", ""field"": ""外食業"", ""headcount"": ""1ー5名"", ""industry"": ""飲食業"", ""prefecture"": ""京都府"", ""reason"": ""a)分野該当性40点、b)人手不足度25点、c)情報の確からしさ28点、合計93点。a) 外食業に明確に該当するため40点。b) 料亭は専門性が高く人手不足が深刻な傾向にあるため25点。c) 企業名、事業内容、所在地が明確に記載されているため28点としました。"", ""score"": 93, ""scoreBreakdown"": {""field"": 40, ""info"": 28, ""labor"": 25}, ""scoreField"": 40, ""scoreInfo"": 28, ""scoreLabor"": 25}",93,1,2026-07-16 05:27:38
720004,https://kikunoi.jp/restaurant/,菊乃井,飲食業,"{""companyName"": ""菊乃井"", ""cost"": ""初期10〜30万円＋月額2〜4万円/人"", ""field"": ""外食業"", ""headcount"": ""1ー5名"", ""industry"": ""飲食業"", ""prefecture"": ""京都府"", ""reason"": ""a)分野該当性40点、b)人手不足度25点、c)情報の確からしさ28点、合計93点。a) 外食業に直接該当するため40点。b) 料亭は専門性が高く人手不足の深刻度が高いと推測され25点。c) 企業名、業種、所在地、事業内容が明確に記載されているため28点としました。"", ""score"": 93, ""scoreBreakdown"": {""field"": 40, ""info"": 28, ""labor"": 25}, ""scoreField"": 40, ""scoreInfo"": 28, ""scoreLabor"": 25}",93,1,2026-07-16 05:27:41
720005,https://kikunoi.jp/restaurant/,菊乃井,飲食サービス業,"{""companyName"": ""菊乃井"", ""cost"": ""初期10〜30万円＋月額2〜4万円/人"", ""field"": ""外食業"", ""headcount"": ""1ー5名"", ""industry"": ""飲食サービス業"", ""prefecture"": ""京都府"", ""reason"": ""a)分野該当性40点、b)人手不足度25点、c)情報の確からしさ28点、合計93点。a) 懐石料理の料亭であり、外食業に直接該当するため40点。b) 飲食業界は人手不足が深刻であり、現場での調理・接客が中心のため25点。c) 企業名、事業内容、所在地、規模が明確に記載されているため28点と評価しました。"", ""score"": 93, ""scoreBreakdown"": {""field"": 40, ""info"": 28, ""labor"": 25}, ""scoreField"": 40, ""scoreInfo"": 28, ""scoreLabor"": 25}",93,1,2026-07-16 05:28:12
720006,https://kikunoi.jp/restaurant/,菊乃井,飲食業,"{""companyName"": ""菊乃井"", ""cost"": ""初期10〜30万円＋月額2〜4万円/人"", ""field"": ""外食業"", ""headcount"": ""1ー5名"", ""industry"": ""飲食業"", ""prefecture"": ""京都府"", ""reason"": ""a)分野該当性40点、b)人手不足度28点、c)情報の確からしさ29点、合計97点。a) 外食業に明確に該当するため40点。b) 料亭は人手によるサービス提供が中心であり、人手不足が深刻な業界であるため28点。c) 企業名、事業内容、所在地が明確に記載されているため29点とした。"", ""score"": 97, ""scoreBreakdown"": {""field"": 40, ""info"": 29, ""labor"": 28}, ""scoreField"": 40, ""scoreInfo"": 29, ""scoreLabor"": 28}",97,1,2026-07-16 05:28:13
750001,https://kikunoi.jp/restaurant/,菊乃井,飲食業,"{""companyName"": ""菊乃井"", ""cost"": ""初期10〜30万円＋月額2〜4万円/人"", ""field"": ""外食業"", ""headcount"": ""1ー5名"", ""industry"": ""飲食業"", ""prefecture"": ""京都府"", ""reason"": ""a)分野該当性40点、b)人手不足度25点、c)情報の確からしさ28点、合計93点。a) 懐石料理を提供する料亭であり、特定技能「外食業」に直接該当するため40点。b) 飲食業界は人手不足が深刻で、調理・接客といった現場業務が中心のため25点。c) 企業名、事業内容、所在地が明確に記載されており、情報が非常に確からしいため28点としました。"", ""score"": 93, ""scoreBreakdown"": {""field"": 40, ""info"": 28, ""labor"": 25}, ""scoreField"": 40, ""scoreInfo"": 28, ""scoreLabor"": 25}",93,1,2026-07-16 05:30:19
750002,https://kikunoi.jp/restaurant/,菊乃井,飲食サービス業,"{""companyName"": ""菊乃井"", ""cost"": ""初期10〜30万円＋月額2〜4万円/人"", ""field"": ""外食業"", ""headcount"": ""1ー5名"", ""industry"": ""飲食サービス業"", ""prefecture"": ""京都府"", ""reason"": ""a)分野該当性40点、b)人手不足度25点、c)情報の確からしさ28点、合計93点。a)料亭であり、外食業に直接該当するため40点。b)飲食業界は人手不足が深刻で、調理・接客といった現場職の比重が高いため25点。c)会社名、事業内容、所在地が明確に記載されており、情報が非常に確からしいため28点としました。"", ""score"": 93, ""scoreBreakdown"": {""field"": 40, ""info"": 28, ""labor"": 25}, ""scoreField"": 40, ""scoreInfo"": 28, ""scoreLabor"": 25}",93,1,2026-07-16 05:30:21
780001,https://www.shimogamosaryo.co.jp/,下鴨茶寮,料亭、飲食業,"{""companyName"": ""下鴨茶寮"", ""cost"": ""初期10〜30万円＋月額2〜4万円/人"", ""field"": ""外食業"", ""headcount"": ""1ー5名"", ""industry"": ""料亭、飲食業"", ""prefecture"": ""京都府"", ""reason"": ""a)分野該当性38点、b)人手不足度28点、c)情報の確からしさ25点、合計91点。a)料亭経営は外食業に直接該当するため38点。b)飲食業界は人手不足が深刻であり、現場職の比重も高いため28点。c)ウェブサイトから事業内容や規模が詳細に確認できたため25点としました。"", ""score"": 91, ""scoreBreakdown"": {""field"": 38, ""info"": 25, ""labor"": 28}, ""scoreField"": 38, ""scoreInfo"": 25, ""scoreLabor"": 28}",91,,2026-07-16 05:31:04
810001,https://kikunoi.jp/restaurant/,菊乃井,飲食サービス業,"{""companyName"": ""菊乃井"", ""cost"": ""初期10〜30万円＋月額2〜4万円/人"", ""field"": ""外食業"", ""headcount"": ""1ー5名"", ""industry"": ""飲食サービス業"", ""prefecture"": ""京都府"", ""reason"": ""a)分野該当性40点、b)人手不足度25点、c)情報の確からしさ28点、合計93点。a)料亭経営は外食業に直接該当し40点。b)サービス業は人手不足が深刻で25点。c)事業内容や店舗情報が詳細に記載されており28点としました。"", ""score"": 93, ""scoreBreakdown"": {""field"": 40, ""info"": 28, ""labor"": 25}, ""scoreField"": 40, ""scoreInfo"": 28, ""scoreLabor"": 25}",93,1,2026-07-16 05:34:27
810002,https://kikunoi.jp/restaurant/,菊乃井,飲食業,"{""companyName"": ""菊乃井"", ""cost"": ""初期10〜30万円＋月額2〜4万円/人"", ""field"": ""外食業"", ""headcount"": ""1ー5名"", ""industry"": ""飲食業"", ""prefecture"": ""京都府"", ""reason"": ""a)分野該当性40点、b)人手不足度25点、c)情報の確からしさ28点、合計93点。a) 外食業に明確に該当するため40点。b) 飲食業界は人手不足が深刻であり、料亭という現場でのサービス提供が中心のため25点。c) 企業名、事業内容、所在地が明確に記載されており、情報が非常に確からしいため28点としました。"", ""score"": 93, ""scoreBreakdown"": {""field"": 40, ""info"": 28, ""labor"": 25}, ""scoreField"": 40, ""scoreInfo"": 28, ""scoreLabor"": 25}",93,1,2026-07-16 05:34:30
810003,https://kikunoi.jp/restaurant/,菊乃井,飲食業,"{""companyName"": ""菊乃井"", ""cost"": ""初期10〜30万円＋月額2〜4万円/人"", ""field"": ""外食業"", ""headcount"": ""1ー5名"", ""industry"": ""飲食業"", ""prefecture"": ""京都府"", ""reason"": ""a)分野該当性40点、b)人手不足度25点、c)情報の確からしさ28点、合計93点。a) 外食業に直接該当するため40点。b) 料亭は専門性が高く人手不足の課題があるため25点。c) 会社名、事業内容、所在地が明確に確認できたため28点としました。"", ""score"": 93, ""scoreBreakdown"": {""field"": 40, ""info"": 28, ""labor"": 25}, ""scoreField"": 40, ""scoreInfo"": 28, ""scoreLabor"": 25}",93,1,2026-07-16 05:35:14
810004,https://kikunoi.jp/restaurant/,菊乃井,飲食サービス業,"{""companyName"": ""菊乃井"", ""cost"": ""初期10〜30万円＋月額2〜4万円/人"", ""field"": ""外食業"", ""headcount"": ""1ー5名"", ""industry"": ""飲食サービス業"", ""prefecture"": ""京都府"", ""reason"": ""a)分野該当性40点、b)人手不足度28点、c)情報の確からしさ29点、合計97点。a)外食業に直接該当し、高級料亭での調理・接客は特定技能の対象となりうるため40点。b)飲食業界は人手不足が深刻で、現場での調理・接客が中心のため28点。c)会社概要や事業内容が詳細に記述されており、ミシュラン評価などの情報も豊富で信頼性が高いため29点としました。"", ""score"": 97, ""scoreBreakdown"": {""field"": 40, ""info"": 29, ""labor"": 28}, ""scoreField"": 40, ""scoreInfo"": 29, ""scoreLabor"": 28}",97,1,2026-07-16 05:35:15
840001,https://kikunoi.jp/restaurant/,菊乃井,飲食業,"{""companyName"": ""菊乃井"", ""cost"": ""初期10〜30万円＋月額2〜4万円/人"", ""field"": ""外食業"", ""headcount"": ""1ー5名"", ""industry"": ""飲食業"", ""prefecture"": ""京都府"", ""reason"": ""a)分野該当性40点、b)人手不足度25点、c)情報の確からしさ28点、合計93点。a) 懐石料理の料亭であり、外食業に直接該当するため40点。b) 飲食業界は人手不足が深刻で、現場でのサービス提供が中心のため25点。c) 企業名、事業内容、所在地が明確に記載されており、情報が非常に確からしいため28点としました。"", ""score"": 93, ""scoreBreakdown"": {""field"": 40, ""info"": 28, ""labor"": 25}, ""scoreField"": 40, ""scoreInfo"": 28, ""scoreLabor"": 25}",93,1,2026-07-16 05:39:37
840002,https://kikunoi.jp/restaurant/,菊乃井,飲食サービス業,"{""companyName"": ""菊乃井"", ""cost"": ""初期10〜30万円＋月額2〜4万円/人"", ""field"": ""外食業"", ""headcount"": ""1ー5名"", ""industry"": ""飲食サービス業"", ""prefecture"": ""京都府"", ""reason"": ""a)分野該当性40点、b)人手不足度28点、c)情報の確からしさ29点、合計97点。a)外食業に直接該当し40点。b)料亭は専門性が高く人手不足が深刻なため28点。c)事業内容や所在地が明確に記載されており、ミシュラン評価などの情報も豊富で29点とした。"", ""score"": 97, ""scoreBreakdown"": {""field"": 40, ""info"": 29, ""labor"": 28}, ""scoreField"": 40, ""scoreInfo"": 29, ""scoreLabor"": 28}",97,1,2026-07-16 05:39:39
870001,https://kikunoi.jp/restaurant/,菊乃井,飲食業,"{""companyName"": ""菊乃井"", ""cost"": ""初期10〜30万円＋月額2〜4万円/人"", ""field"": ""外食業"", ""headcount"": ""1ー5名"", ""industry"": ""飲食業"", ""prefecture"": ""京都府"", ""reason"": ""a)分野該当性40点、b)人手不足度25点、c)情報の確からしさ28点、合計93点。a) 外食業に明確に該当するため40点。b) 飲食業界は人手不足が深刻であり、料亭という現場作業中心の業態のため25点。c) 企業名、業種、所在地、事業内容が詳細に確認できたため28点としました。"", ""score"": 93, ""scoreBreakdown"": {""field"": 40, ""info"": 28, ""labor"": 25}, ""scoreField"": 40, ""scoreInfo"": 28, ""scoreLabor"": 25}",93,1,2026-07-16 05:41:22
870002,https://kikunoi.jp/restaurant/,菊乃井,飲食サービス業,"{""companyName"": ""菊乃井"", ""cost"": ""初期10〜30万円＋月額2〜4万円/人"", ""field"": ""外食業"", ""headcount"": ""1ー5名"", ""industry"": ""飲食サービス業"", ""prefecture"": ""京都府"", ""reason"": ""a)分野該当性40点、b)人手不足度25点、c)情報の確からしさ28点、合計93点。a)料亭経営であり、外食業に直接該当するため40点。b)飲食業界は人手不足が深刻で、調理・接客など現場職が中心のため25点。c)会社名、事業内容、所在地、規模（座席数）が明確に記載されているため28点と評価しました。"", ""score"": 93, ""scoreBreakdown"": {""field"": 40, ""info"": 28, ""labor"": 25}, ""scoreField"": 40, ""scoreInfo"": 28, ""scoreLabor"": 25}",93,1,2026-07-16 05:41:25
870003,https://kikunoi.jp/restaurant/,菊乃井,飲食業,"{""companyName"": ""菊乃井"", ""cost"": ""初期10〜30万円＋月額2〜4万円/人"", ""field"": ""外食業"", ""headcount"": ""1ー5名"", ""industry"": ""飲食業"", ""prefecture"": ""京都府"", ""reason"": ""a)分野該当性38点、b)人手不足度28点、c)情報の確からしさ8点、合計74点。URLから「菊乃井」という料亭・レストランと推測され、外食業に該当するため分野適合性は高いと判断しました(a:38)。飲食業界は人手不足が深刻なため、人手不足度も高いです(b:28)。URLのみからの推測のため、情報の確からしさは低いです(c:8)。"", ""score"": 74, ""scoreBreakdown"": {""field"": 38, ""info"": 8, ""labor"": 28}, ""scoreField"": 38, ""scoreInfo"": 8, ""scoreLabor"": 28}",74,1,2026-07-16 05:41:52
870004,https://kikunoi.jp/restaurant/,菊乃井,飲食業,"{""companyName"": ""菊乃井"", ""cost"": ""初期10〜30万円＋月額2〜4万円/人"", ""field"": ""外食業"", ""headcount"": ""1ー5名"", ""industry"": ""飲食業"", ""prefecture"": ""京都府"", ""reason"": ""a)分野該当性40点、b)人手不足度25点、c)情報の確からしさ28点、合計93点。a) 外食業に直接該当するため40点。b) 飲食業界は人手不足が深刻であり、料亭の現場業務が中心と推測されるため25点。c) 企業名、事業内容、所在地が明確に確認できたため28点としました。"", ""score"": 93, ""scoreBreakdown"": {""field"": 40, ""info"": 28, ""labor"": 25}, ""scoreField"": 40, ""scoreInfo"": 28, ""scoreLabor"": 25}",93,1,2026-07-16 05:41:55
900001,https://www.fanuc.co.jp/,ファナック株式会社,製造業,"{""companyName"": ""ファナック株式会社"", ""cost"": ""初期10〜30万円＋月額2〜4万円/人"", ""field"": ""工業製品製造業"", ""headcount"": ""10名以上"", ""industry"": ""製造業"", ""prefecture"": ""山梨県"", ""reason"": ""a)分野該当性35点、b)人手不足度25点、c)情報の確からしさ28点、合計88点。a) FA、ロボット、ロボマシン製造は「工業製品製造業」に直接該当するため高評価。b) 製造業全般で人手不足が深刻であり、現場作業も多いため高評価。c) 企業情報が豊富で事業内容や規模が詳細に確認できたため高評価です。"", ""score"": 88, ""scoreBreakdown"": {""field"": 35, ""info"": 28, ""labor"": 25}, ""scoreField"": 35, ""scoreInfo"": 28, ""scoreLabor"": 25}",88,,2026-07-16 05:56:46
900002,https://www.fanuc.co.jp/,ファナック株式会社,製造業,"{""companyName"": ""ファナック株式会社"", ""cost"": ""初期10〜30万円＋月額2〜4万円/人"", ""field"": ""工業製品製造業"", ""headcount"": ""10名以上"", ""industry"": ""製造業"", ""prefecture"": ""山梨県"", ""reason"": ""a)分野該当性38点、b)人手不足度25点、c)情報の確からしさ28点、合計91点。FA機器、ロボット、ロボマシン製造販売と特定技能「工業製品製造業」に直接該当します(a:38)。製造業全体の人手不足は深刻で、工場での現場作業も多く見込まれます(b:25)。事業内容や規模が明確に確認できました(c:28)。"", ""score"": 91, ""scoreBreakdown"": {""field"": 38, ""info"": 28, ""labor"": 25}, ""scoreField"": 38, ""scoreInfo"": 28, ""scoreLabor"": 25}",91,,2026-07-16 05:57:13
930001,https://www.mujin.co.jp/,株式会社Mujin,産業用ロボット製造・販売,"{""companyName"": ""株式会社Mujin"", ""cost"": ""初期10〜30万円＋月額2〜4万円/人"", ""field"": ""工業製品製造業"", ""headcount"": ""10名以上"", ""industry"": ""産業用ロボット製造・販売"", ""prefecture"": null, ""reason"": ""a)分野該当性35点、b)人手不足度20点、c)情報の確からしさ28点、合計83点。a) 産業用ロボットの製造・販売は工業製品製造業に直接該当。b) ロボット開発・製造は専門職が多く、現場作業員の人手不足度は中程度。c) 事業内容、製品、導入事例が詳細に記載されており、情報が非常に明確。"", ""score"": 83, ""scoreBreakdown"": {""field"": 35, ""info"": 28, ""labor"": 20}, ""scoreField"": 35, ""scoreInfo"": 28, ""scoreLabor"": 20}",83,,2026-07-16 06:03:51
960001,https://kikunoi.jp/restaurant/,菊乃井,飲食サービス業,"{""companyName"": ""菊乃井"", ""cost"": ""初期10〜30万円＋月額2〜4万円/人"", ""field"": ""外食業"", ""headcount"": ""1ー5名"", ""industry"": ""飲食サービス業"", ""prefecture"": ""京都府"", ""reason"": ""a)分野該当性40点、b)人手不足度25点、c)情報の確からしさ28点、合計93点。a)料亭経営は特定技能「外食業」に直接該当するため40点。b)飲食業界は人手不足が深刻であり、現場でのサービス提供が中心のため25点。c)会社名、事業内容、所在地、店舗規模が明確に確認できたため28点としました。"", ""score"": 93, ""scoreBreakdown"": {""field"": 40, ""info"": 28, ""labor"": 25}, ""scoreField"": 40, ""scoreInfo"": 28, ""scoreLabor"": 25}",93,1,2026-07-16 07:02:53
960002,https://kikunoi.jp/restaurant/,菊乃井,飲食業,"{""companyName"": ""菊乃井"", ""cost"": ""初期10〜30万円＋月額2〜4万円/人"", ""field"": ""外食業"", ""headcount"": ""1ー5名"", ""industry"": ""飲食業"", ""prefecture"": ""京都府"", ""reason"": ""a)分野該当性40点、b)人手不足度25点、c)情報の確からしさ28点、合計93点。a) 外食業に直接該当するため40点。b) 伝統的な料亭であり、専門的な調理や接客は人手不足が深刻なため25点。c) 会社概要や事業内容が明確に記載されており、店舗情報も詳細なため28点。"", ""score"": 93, ""scoreBreakdown"": {""field"": 40, ""info"": 28, ""labor"": 25}, ""scoreField"": 40, ""scoreInfo"": 28, ""scoreLabor"": 25}",93,1,2026-07-16 07:02:55
990001,https://kikunoi.jp/restaurant/,菊乃井,飲食業,"{""companyName"": ""菊乃井"", ""cost"": ""初期10〜30万円＋月額2〜4万円/人"", ""field"": ""外食業"", ""headcount"": ""1ー5名"", ""industry"": ""飲食業"", ""prefecture"": ""京都府"", ""reason"": ""a)分野該当性40点、b)人手不足度28点、c)情報の確からしさ29点、合計97点。a) 外食業に明確に該当するため40点。b) 飲食業界は人手不足が深刻で、料亭という現場作業中心の業態であるため28点。c) 企業名、業種、所在地、事業内容が詳細に確認できたため29点としました。"", ""score"": 97, ""scoreBreakdown"": {""field"": 40, ""info"": 29, ""labor"": 28}, ""scoreField"": 40, ""scoreInfo"": 29, ""scoreLabor"": 28}",97,1,2026-07-16 07:04:20
990002,https://kikunoi.jp/restaurant/,菊乃井,飲食業,"{""companyName"": ""菊乃井"", ""cost"": ""初期10〜30万円＋月額2〜4万円/人"", ""field"": ""外食業"", ""headcount"": ""1ー5名"", ""industry"": ""飲食業"", ""prefecture"": ""京都府"", ""reason"": ""a)分野該当性40点、b)人手不足度25点、c)情報の確からしさ28点、合計93点。a) 外食業に明確に該当するため40点。b) 料亭は専門性が高く人手不足が深刻な傾向にあるため25点。c) 企業名、業種、所在地、事業内容が詳細に確認できたため28点としました。"", ""score"": 93, ""scoreBreakdown"": {""field"": 40, ""info"": 28, ""labor"": 25}, ""scoreField"": 40, ""scoreInfo"": 28, ""scoreLabor"": 25}",93,1,2026-07-16 07:04:21
990003,https://kikunoi.jp/restaurant/,菊乃井,飲食業,"{""companyName"": ""菊乃井"", ""cost"": ""初期10〜30万円＋月額2〜4万円/人"", ""field"": ""外食業"", ""headcount"": ""1ー5名"", ""industry"": ""飲食業"", ""prefecture"": ""京都府"", ""reason"": ""a)分野該当性40点、b)人手不足度25点、c)情報の確からしさ28点、合計93点。a) 外食業に直接該当するため40点。b) 飲食業界は人手不足が深刻であり、料亭という現場作業中心の業態であるため25点。c) 企業名、事業内容、所在地が明確に記載されているため28点としました。"", ""score"": 93, ""scoreBreakdown"": {""field"": 40, ""info"": 28, ""labor"": 25}, ""scoreField"": 40, ""scoreInfo"": 28, ""scoreLabor"": 25}",93,1,2026-07-16 07:04:43
990004,https://kikunoi.jp/restaurant/,菊乃井,飲食業,"{""companyName"": ""菊乃井"", ""cost"": ""初期10〜30万円＋月額2〜4万円/人"", ""field"": ""外食業"", ""headcount"": ""1ー5名"", ""industry"": ""飲食業"", ""prefecture"": ""京都府"", ""reason"": ""a)分野該当性40点、b)人手不足度25点、c)情報の確からしさ28点、合計93点。a) 外食業に直接該当するため40点。b) 飲食業界は人手不足が深刻であり、料亭の現場業務は多岐にわたるため25点。c) 企業名、事業内容、所在地が明確に確認できたため28点としました。"", ""score"": 93, ""scoreBreakdown"": {""field"": 40, ""info"": 28, ""labor"": 25}, ""scoreField"": 40, ""scoreInfo"": 28, ""scoreLabor"": 25}",93,1,2026-07-16 07:04:45
990005,https://kikunoi.jp/restaurant/,菊乃井,飲食業,"{""companyName"": ""菊乃井"", ""cost"": ""初期10〜30万円＋月額2〜4万円/人"", ""field"": ""外食業"", ""headcount"": ""1ー5名"", ""industry"": ""飲食業"", ""prefecture"": ""京都府"", ""reason"": ""a)分野該当性40点、b)人手不足度25点、c)情報の確からしさ28点、合計93点。(a)京料理の料亭であり外食業に直接該当するため40点。(b)料亭は人手不足が深刻で現場職の比重が高いため25点。(c)事業内容、店舗情報、所在地が詳細に記載されており、情報の確からしさが非常に高いため28点。"", ""score"": 93, ""scoreBreakdown"": {""field"": 40, ""info"": 28, ""labor"": 25}, ""scoreField"": 40, ""scoreInfo"": 28, ""scoreLabor"": 25}",93,1,2026-07-16 07:05:24
990006,https://kikunoi.jp/restaurant/,菊乃井,飲食業,"{""companyName"": ""菊乃井"", ""cost"": ""初期10〜30万円＋月額2〜4万円/人"", ""field"": ""外食業"", ""headcount"": ""1ー5名"", ""industry"": ""飲食業"", ""prefecture"": ""京都府"", ""reason"": ""a)分野該当性40点、b)人手不足度28点、c)情報の確からしさ29点、合計97点。a) 外食業に明確に該当するため40点。b) 料亭は専門性が高く人手不足が深刻なため28点。c) 企業名、事業内容、所在地が明確に確認できたため29点とした。"", ""score"": 97, ""scoreBreakdown"": {""field"": 40, ""info"": 29, ""labor"": 28}, ""scoreField"": 40, ""scoreInfo"": 29, ""scoreLabor"": 28}",97,1,2026-07-16 07:05:32
990007,https://kikunoi.jp/restaurant/,菊乃井,飲食業,"{""companyName"": ""菊乃井"", ""cost"": ""初期10〜30万円＋月額2〜4万円/人"", ""field"": ""外食業"", ""headcount"": ""1ー5名"", ""industry"": ""飲食業"", ""prefecture"": ""京都府"", ""reason"": ""a)分野該当性40点、b)人手不足度25点、c)情報の確からしさ28点、合計93点。a) 外食業に明確に該当し40点。b) 飲食業界は人手不足が深刻で、料亭という現場でのサービス提供が中心のため25点。c) 企業名、事業内容、所在地が明確に確認できたため28点としました。"", ""score"": 93, ""scoreBreakdown"": {""field"": 40, ""info"": 28, ""labor"": 25}, ""scoreField"": 40, ""scoreInfo"": 28, ""scoreLabor"": 25}",93,1,2026-07-16 07:05:58
990008,https://kikunoi.jp/restaurant/,菊乃井,飲食業,"{""companyName"": ""菊乃井"", ""cost"": ""初期10〜30万円＋月額2〜4万円/人"", ""field"": ""外食業"", ""headcount"": ""1ー5名"", ""industry"": ""飲食業"", ""prefecture"": ""京都府"", ""reason"": ""a)分野該当性40点、b)人手不足度25点、c)情報の確からしさ28点、合計93点。a) 外食業に直接該当するため40点。b) 飲食業界、特に料亭は人手不足が深刻であり、現場での調理・接客業務が中心のため25点。c) 企業名、事業内容、所在地、規模が明確に確認できたため28点としました。"", ""score"": 93, ""scoreBreakdown"": {""field"": 40, ""info"": 28, ""labor"": 25}, ""scoreField"": 40, ""scoreInfo"": 28, ""scoreLabor"": 25}",93,1,2026-07-16 07:06:00
1020001,https://kikunoi.jp/restaurant/,菊乃井,飲食サービス業,"{""companyName"": ""菊乃井"", ""cost"": ""初期10〜30万円＋月額2〜4万円/人"", ""field"": ""外食業"", ""headcount"": ""1ー5名"", ""industry"": ""飲食サービス業"", ""prefecture"": ""京都府"", ""reason"": ""a)分野該当性40点、b)人手不足度25点、c)情報の確からしさ28点、合計93点。a)料亭経営は特定技能「外食業」に直接該当するため40点。b)飲食業界は人手不足が深刻であり、現場での調理・接客が中心のため25点。c)会社概要や事業内容が具体的に記載されており、店舗情報も明確なため28点としました。"", ""score"": 93, ""scoreBreakdown"": {""field"": 40, ""info"": 28, ""labor"": 25}, ""scoreField"": 40, ""scoreInfo"": 28, ""scoreLabor"": 25}",93,1,2026-07-16 07:06:53
1020002,https://kikunoi.jp/restaurant/,菊乃井,飲食サービス業,"{""companyName"": ""菊乃井"", ""cost"": ""初期10〜30万円＋月額2〜4万円/人"", ""field"": ""外食業"", ""headcount"": ""1ー5名"", ""industry"": ""飲食サービス業"", ""prefecture"": ""京都府"", ""reason"": ""a)分野該当性40点、b)人手不足度25点、c)情報の確からしさ28点、合計93点。a) 懐石料理の料亭であり、外食業に直接該当するため40点。b) 飲食業界は人手不足が深刻であり、現場での調理・接客が中心のため25点。c) 企業名、事業内容、所在地が明確に記載されており、情報の確からしさは高いと判断し28点としました。"", ""score"": 93, ""scoreBreakdown"": {""field"": 40, ""info"": 28, ""labor"": 25}, ""scoreField"": 40, ""scoreInfo"": 28, ""scoreLabor"": 25}",93,1,2026-07-16 07:06:55
1020003,https://kikunoi.jp/restaurant/,菊乃井,飲食業,"{""companyName"": ""菊乃井"", ""cost"": ""初期10〜30万円＋月額2〜4万円/人"", ""field"": ""外食業"", ""headcount"": ""1ー5名"", ""industry"": ""飲食業"", ""prefecture"": ""京都府"", ""reason"": ""a)分野該当性40点、b)人手不足度25点、c)情報の確からしさ28点、合計93点。a) 外食業に直接該当するため40点。b) 飲食業界は慢性的な人手不足であり、料亭という業態も現場でのサービス提供が中心のため25点。c) 企業名、事業内容、所在地が明確に確認できたため28点。"", ""score"": 93, ""scoreBreakdown"": {""field"": 40, ""info"": 28, ""labor"": 25}, ""scoreField"": 40, ""scoreInfo"": 28, ""scoreLabor"": 25}",93,1,2026-07-16 07:07:09
1020004,https://kikunoi.jp/restaurant/,菊乃井,飲食サービス業,"{""companyName"": ""菊乃井"", ""cost"": ""初期10〜30万円＋月額2〜4万円/人"", ""field"": ""外食業"", ""headcount"": ""1ー5名"", ""industry"": ""飲食サービス業"", ""prefecture"": ""京都府"", ""reason"": ""a)分野該当性40点、b)人手不足度28点、c)情報の確からしさ29点、合計97点。a)外食業に直接該当し、料亭という業態から専門性も高く評価。b)飲食業界は人手不足が深刻で、料亭業務は現場作業が中心。c)ミシュランの評価や詳細な店舗情報から事業内容が明確に確認できたため高評価。"", ""score"": 97, ""scoreBreakdown"": {""field"": 40, ""info"": 29, ""labor"": 28}, ""scoreField"": 40, ""scoreInfo"": 29, ""scoreLabor"": 28}",97,1,2026-07-16 07:07:12
1020005,https://kikunoi.jp/restaurant/,菊乃井,飲食業,"{""companyName"": ""菊乃井"", ""cost"": ""初期10〜30万円＋月額2〜4万円/人"", ""field"": ""外食業"", ""headcount"": ""1ー5名"", ""industry"": ""飲食業"", ""prefecture"": ""京都府"", ""reason"": ""a)分野該当性40点、b)人手不足度25点、c)情報の確からしさ28点、合計93点。a) 外食業に直接該当するため40点。b) 飲食業界は人手不足が深刻であり、料亭という現場でのサービス提供が中心のため25点。c) ページ内容から事業内容や店舗情報が詳細に確認できるため28点としました。"", ""score"": 93, ""scoreBreakdown"": {""field"": 40, ""info"": 28, ""labor"": 25}, ""scoreField"": 40, ""scoreInfo"": 28, ""scoreLabor"": 25}",93,1,2026-07-16 07:07:39
1020006,https://kikunoi.jp/restaurant/,菊乃井,飲食業,"{""companyName"": ""菊乃井"", ""cost"": ""初期10〜30万円＋月額2〜4万円/人"", ""field"": ""外食業"", ""headcount"": ""1ー5名"", ""industry"": ""飲食業"", ""prefecture"": ""京都府"", ""reason"": ""a)分野該当性40点、b)人手不足度25点、c)情報の確からしさ28点、合計93点。a) 外食業に直接該当し、高級料亭であることから専門性の高い調理業務も含まれるため40点。b) 飲食業界は慢性的な人手不足であり、特に料亭は現場でのサービス提供が中心のため25点。c) 企業名、事業内容、所在地が明確に記載されているため28点としました。"", ""score"": 93, ""scoreBreakdown"": {""field"": 40, ""info"": 28, ""labor"": 25}, ""scoreField"": 40, ""scoreInfo"": 28, ""scoreLabor"": 25}",93,1,2026-07-16 07:07:41
1050001,https://kikunoi.jp/restaurant/,菊乃井,飲食業,"{""companyName"": ""菊乃井"", ""cost"": ""初期10〜30万円＋月額2〜4万円/人"", ""field"": ""外食業"", ""headcount"": ""1ー5名"", ""industry"": ""飲食業"", ""prefecture"": ""京都府"", ""reason"": ""a)分野該当性40点、b)人手不足度25点、c)情報の確からしさ28点、合計93点。a) 外食業に直接該当し、料亭という業態から専門性の高い業務も含まれるため40点。b) 飲食業界は人手不足が深刻で、特に料亭は接客や調理の現場業務が中心のため25点。c) ページ内容から事業内容と店舗規模が明確に確認できたため28点としました。"", ""score"": 93, ""scoreBreakdown"": {""field"": 40, ""info"": 28, ""labor"": 25}, ""scoreField"": 40, ""scoreInfo"": 28, ""scoreLabor"": 25}",93,1,2026-07-16 07:10:37
1050002,https://kikunoi.jp/restaurant/,菊乃井,飲食業,"{""companyName"": ""菊乃井"", ""cost"": ""初期10〜30万円＋月額2〜4万円/人"", ""field"": ""外食業"", ""headcount"": ""1ー5名"", ""industry"": ""飲食業"", ""prefecture"": ""京都府"", ""reason"": ""a)分野該当性40点、b)人手不足度25点、c)情報の確からしさ28点、合計93点。a) 外食業に直接該当するため40点。b) 飲食業界は人手不足が深刻であり、料亭という現場作業が中心のため25点。c) 企業名、事業内容、所在地が明確に確認できたため28点としました。"", ""score"": 93, ""scoreBreakdown"": {""field"": 40, ""info"": 28, ""labor"": 25}, ""scoreField"": 40, ""scoreInfo"": 28, ""scoreLabor"": 25}",93,1,2026-07-16 07:10:40
1050003,https://kikunoi.jp/restaurant/,菊乃井,飲食業,"{""companyName"": ""菊乃井"", ""cost"": ""初期10〜30万円＋月額2〜4万円/人"", ""field"": ""外食業"", ""headcount"": ""1ー5名"", ""industry"": ""飲食業"", ""prefecture"": ""京都府"", ""reason"": ""a)分野該当性40点、b)人手不足度25点、c)情報の確からしさ28点、合計93点。a) 外食業に直接該当し、料亭という業態から専門性の高い業務も含まれるため40点。b) 飲食業界は人手不足が深刻であり、調理・接客といった現場業務が中心のため25点。c) 企業名、業種、所在地、事業内容が明確に記載されているため28点としました。"", ""score"": 93, ""scoreBreakdown"": {""field"": 40, ""info"": 28, ""labor"": 25}, ""scoreField"": 40, ""scoreInfo"": 28, ""scoreLabor"": 25}",93,1,2026-07-16 07:11:04
1050004,https://kikunoi.jp/restaurant/,菊乃井,飲食業,"{""companyName"": ""菊乃井"", ""cost"": ""初期10〜30万円＋月額2〜4万円/人"", ""field"": ""外食業"", ""headcount"": ""1ー5名"", ""industry"": ""飲食業"", ""prefecture"": ""京都府"", ""reason"": ""a)分野該当性40点、b)人手不足度25点、c)情報の確からしさ28点、合計93点。a) 外食業に直接該当するため40点。b) 料亭は専門職が多く人手不足が深刻なため25点。c) 企業名、事業内容、所在地が明確に確認できたため28点としました。"", ""score"": 93, ""scoreBreakdown"": {""field"": 40, ""info"": 28, ""labor"": 25}, ""scoreField"": 40, ""scoreInfo"": 28, ""scoreLabor"": 25}",93,1,2026-07-16 07:11:12
1080001,https://kikunoi.jp/restaurant/,菊乃井,飲食サービス業,"{""companyName"": ""菊乃井"", ""cost"": ""初期10〜30万円＋月額2〜4万円/人"", ""field"": ""外食業"", ""headcount"": ""1ー5名"", ""industry"": ""飲食サービス業"", ""prefecture"": ""京都府"", ""reason"": ""a)分野該当性40点、b)人手不足度25点、c)情報の確からしさ28点、合計93点。a)料亭経営は外食業に直接該当し40点。b)調理・接客は人手不足が深刻な現場職であり25点。c)ミシュランの評価や詳細なメニュー・店舗情報から事業内容が明確に確認でき28点。"", ""score"": 93, ""scoreBreakdown"": {""field"": 40, ""info"": 28, ""labor"": 25}, ""scoreField"": 40, ""scoreInfo"": 28, ""scoreLabor"": 25}",93,1,2026-07-16 07:13:12
1080002,https://kikunoi.jp/restaurant/,菊乃井,飲食業,"{""companyName"": ""菊乃井"", ""cost"": ""初期10〜30万円＋月額2〜4万円/人"", ""field"": ""外食業"", ""headcount"": ""1ー5名"", ""industry"": ""飲食業"", ""prefecture"": ""京都府"", ""reason"": ""a)分野該当性40点、b)人手不足度28点、c)情報の確からしさ29点、合計97点。a) 外食業に明確に該当し40点。b) 伝統的な料亭であり、専門的な調理や接客は人手不足が深刻なため28点。c) 企業名、事業内容、所在地が明確に記載されており29点と評価しました。"", ""score"": 97, ""scoreBreakdown"": {""field"": 40, ""info"": 29, ""labor"": 28}, ""scoreField"": 40, ""scoreInfo"": 29, ""scoreLabor"": 28}",97,1,2026-07-16 07:13:14
1080003,https://kikunoi.jp/restaurant/,菊乃井,飲食サービス業,"{""companyName"": ""菊乃井"", ""cost"": ""初期10〜30万円＋月額2〜4万円/人"", ""field"": ""外食業"", ""headcount"": ""1ー5名"", ""industry"": ""飲食サービス業"", ""prefecture"": ""京都府"", ""reason"": ""a)分野該当性40点、b)人手不足度25点、c)情報の確からしさ28点、合計93点。a)料亭の運営は外食業に直接該当するため40点。b)飲食業界、特に料亭は人手不足が深刻であり、現場でのサービス提供が中心のため25点。c)会社概要や事業内容が具体的に記載されており、店舗情報も明確なため28点としました。"", ""score"": 93, ""scoreBreakdown"": {""field"": 40, ""info"": 28, ""labor"": 25}, ""scoreField"": 40, ""scoreInfo"": 28, ""scoreLabor"": 25}",93,1,2026-07-16 07:13:57
1110001,https://kikunoi.jp/restaurant/,菊乃井,飲食業,"{""companyName"": ""菊乃井"", ""cost"": ""初期10〜30万円＋月額2〜4万円/人"", ""field"": ""外食業"", ""headcount"": ""1ー5名"", ""industry"": ""飲食業"", ""prefecture"": ""京都府"", ""reason"": ""a)分野該当性40点、b)人手不足度25点、c)情報の確からしさ28点、合計93点。a) 懐石料理の料亭であり「外食業」に直接該当するため40点。b) 飲食業界は人手不足が深刻であり、現場での調理・接客が中心のため25点。c) 企業名、事業内容、所在地、規模感が詳細に確認できたため28点としました。"", ""score"": 93, ""scoreBreakdown"": {""field"": 40, ""info"": 28, ""labor"": 25}, ""scoreField"": 40, ""scoreInfo"": 28, ""scoreLabor"": 25}",93,1,2026-07-16 07:16:33
1110002,https://kikunoi.jp/restaurant/,菊乃井,飲食業,"{""companyName"": ""菊乃井"", ""cost"": ""初期10〜30万円＋月額2〜4万円/人"", ""field"": ""外食業"", ""headcount"": ""1ー5名"", ""industry"": ""飲食業"", ""prefecture"": ""京都府"", ""reason"": ""a)分野該当性40点、b)人手不足度25点、c)情報の確からしさ28点、合計93点。a) 外食業に直接該当するため40点。b) 料亭は専門性が高く人手不足が深刻なため25点。c) 企業名、事業内容、所在地が明確に確認できたため28点としました。"", ""score"": 93, ""scoreBreakdown"": {""field"": 40, ""info"": 28, ""labor"": 25}, ""scoreField"": 40, ""scoreInfo"": 28, ""scoreLabor"": 25}",93,1,2026-07-16 07:16:35
1140001,https://kikunoi.jp/restaurant/,菊乃井,飲食業,"{""companyName"": ""菊乃井"", ""cost"": ""初期10〜30万円＋月額2〜4万円/人"", ""field"": ""外食業"", ""headcount"": ""1ー5名"", ""industry"": ""飲食業"", ""prefecture"": ""京都府"", ""reason"": ""a)分野該当性40点、b)人手不足度25点、c)情報の確からしさ28点、合計93点。a) 外食業に直接該当するため40点。b) 料亭は専門性が高く人手不足の可能性が高いため25点。c) 企業名、事業内容、所在地が明確に確認できたため28点としました。"", ""score"": 93, ""scoreBreakdown"": {""field"": 40, ""info"": 28, ""labor"": 25}, ""scoreField"": 40, ""scoreInfo"": 28, ""scoreLabor"": 25}",93,1,2026-07-16 07:17:19
1140002,https://kikunoi.jp/restaurant/,菊乃井,飲食サービス業,"{""companyName"": ""菊乃井"", ""cost"": ""初期10〜30万円＋月額2〜4万円/人"", ""field"": ""外食業"", ""headcount"": ""1ー5名"", ""industry"": ""飲食サービス業"", ""prefecture"": ""京都府"", ""reason"": ""a)分野該当性40点、b)人手不足度25点、c)情報の確からしさ28点、合計93点。a)料亭経営であり、外食業に直接該当するため40点。b)飲食業界は人手不足が深刻で、現場業務が中心と想定されるため25点。c)事業内容や店舗情報が詳細に記載されており、信頼性が高いため28点としました。"", ""score"": 93, ""scoreBreakdown"": {""field"": 40, ""info"": 28, ""labor"": 25}, ""scoreField"": 40, ""scoreInfo"": 28, ""scoreLabor"": 25}",93,1,2026-07-16 07:17:21
1170001,https://www.supercourt.jp/,スーパー・コート,介護施設運営,"{""companyName"": ""スーパー・コート"", ""cost"": ""初期10〜30万円＋月額2〜4万円/人"", ""field"": ""介護"", ""headcount"": ""10名以上"", ""industry"": ""介護施設運営"", ""prefecture"": ""大阪府"", ""reason"": ""a)分野該当性40点、b)人手不足度28点、c)情報の確からしさ25点、合計93点。事業内容が老人ホーム・介護施設の運営であり、特定技能「介護」分野に直接該当するためscoreFieldを40と評価しました。介護業界は人手不足が深刻であり、現場職の比重も高いためscoreLaborを28としました。ウェブサイトから事業内容や多施設展開が明確に確認できるためscoreInfoを25としました。"", ""score"": 93, ""scoreBreakdown"": {""field"": 40, ""info"": 25, ""labor"": 28}, ""scoreField"": 40, ""scoreInfo"": 25, ""scoreLabor"": 28}",93,,2026-07-16 07:49:20
1200001,https://www.fukunavi.or.jp/fukunavi/controller?cmd=lst_dt&actionID=jgytik&SVCSBR_CD=004&JGY_CD=1310100329&NAME=&AREA1=&AREA2=&AREA3=&LINE_TXT=&LINE=&STATION=&ROW=0&JGY_CD1=&JGY_CD2=&JGY_CD3=&JGY_CD4=&JGY_CD5=&HYK_FL=1&HYK_FLG=&KIGSVC_FL=1&KIGSVC_FLG=&SLFHYK_FLG=&SVCPLN_FLG=&STENO=,いちご訪問介護,訪問介護,"{""companyName"": ""いちご訪問介護"", ""cost"": ""初期10〜30万円＋月額2〜4万円/人"", ""field"": ""介護"", ""headcount"": ""1〜5名"", ""industry"": ""訪問介護"", ""prefecture"": ""東京都"", ""reason"": ""a)分野該当性40点、b)人手不足度30点、c)情報の確からしさ25点、合計95点。事業内容が訪問介護であり、特定技能「介護」分野に直接該当するため、分野該当性は40点と評価しました。介護業界は深刻な人手不足であり、現場作業が中心であるため、人手不足度は30点としました。提供されたページ内容から事業内容や所在地、従業員数が明確に確認できたため、情報の確からしさは25点と評価しました。"", ""score"": 95, ""scoreBreakdown"": {""field"": 40, ""info"": 25, ""labor"": 30}, ""scoreField"": 40, ""scoreInfo"": 25, ""scoreLabor"": 30}",95,,2026-07-17 00:33:39
1230001,https://www.fukunavi.or.jp/fukunavi/controller?cmd=lst_dt&actionID=jgytik&SVCSBR_CD=004&JGY_CD=1310100329&NAME=&AREA1=&AREA2=&AREA3=&LINE_TXT=&LINE=&STATION=&ROW=0&JGY_CD1=&JGY_CD2=&JGY_CD3=&JGY_CD4=&JGY_CD5=&HYK_FL=1&HYK_FLG=&KIGSVC_FL=1&KIGSVC_FLG=&SLFHYK_FLG=&SVCPLN_FLG=&STENO=,いちご訪問介護,訪問介護,"{""companyName"": ""いちご訪問介護"", ""cost"": ""初期10〜30万円＋月額2〜4万円/人"", ""field"": ""介護"", ""headcount"": ""1ー5名"", ""industry"": ""訪問介護"", ""prefecture"": ""東京都"", ""reason"": ""a)分野該当性40点、b)人手不足度28点、c)情報の確からしさ25点、合計93点。事業内容が訪問介護であり、特定技能「介護」分野に直接該当するため分野該当性は40点。介護業界は人手不足が深刻で現場作業が中心のため人手不足度は28点。事業所名、所在地、サービス内容、従業員数など詳細な情報が確認できたため情報の確からしさは25点としました。"", ""score"": 93, ""scoreBreakdown"": {""field"": 40, ""info"": 25, ""labor"": 28}, ""scoreField"": 40, ""scoreInfo"": 25, ""scoreLabor"": 28}",93,,2026-07-17 00:37:58
1260001,https://www.fukunavi.or.jp/fukunavi/controller?cmd=lst_dt&actionID=jgytik&SVCSBR_CD=004&JGY_CD=1310100329&NAME=&AREA1=&AREA2=&AREA3=&LINE_TXT=&LINE=&STATION=&ROW=0&JGY_CD1=&JGY_CD2=&JGY_CD3=&JGY_CD4=&JGY_CD5=&HYK_FL=1&HYK_FLG=&KIGSVC_FL=1&KIGSVC_FLG=&SLFHYK_FLG=&SVCPLN_FLG=&STENO=,いちご訪問介護,介護業,"{""companyName"": ""いちご訪問介護"", ""cost"": ""初期10〜30万円＋月額2〜4万円/人"", ""field"": ""介護"", ""headcount"": ""1ー5名"", ""industry"": ""介護業"", ""prefecture"": ""東京都"", ""reason"": ""a)分野該当性40点、b)人手不足度30点、c)情報の確からしさ25点、合計95点。事業内容が訪問介護であり、特定技能「介護」分野に直接該当するため、分野該当性は40点と評価しました。介護業界は人手不足が深刻であり、現場作業が中心であるため、人手不足度は30点としました。提供されたページ内容から事業内容、所在地、従業員数などの情報が具体的に確認できたため、情報の確からしさは25点と評価しました。"", ""score"": 95, ""scoreBreakdown"": {""field"": 40, ""info"": 25, ""labor"": 30}, ""scoreField"": 40, ""scoreInfo"": 25, ""scoreLabor"": 30}",95,,2026-07-17 00:45:15
1290001,https://www.skylark.co.jp,すかいらーくグループ,外食産業,"{""companyName"": ""すかいらーくグループ"", ""cost"": ""初期10〜30万円＋月額2〜4万円/人"", ""field"": ""外食業"", ""headcount"": ""10名以上"", ""industry"": ""外食産業"", ""prefecture"": null, ""reason"": ""a)分野該当性40点、b)人手不足度28点、c)情報の確からしさ25点、合計93点。事業内容が「外食業」に直接該当するため分野該当性は高得点です(a)。外食産業は人手不足が深刻であり、現場職の比重も高いため人手不足度も高得点としました(b)。公式サイトから事業内容が明確に確認できたため、情報の確からしさも高評価です(c)。"", ""score"": 93, ""scoreBreakdown"": {""field"": 40, ""info"": 25, ""labor"": 28}, ""scoreField"": 40, ""scoreInfo"": 25, ""scoreLabor"": 28}",93,,2026-07-17 00:47:50
1290002,https://www.skylark.co.jp,すかいらーくグループ,飲食業,"{""companyName"": ""すかいらーくグループ"", ""cost"": ""初期10〜30万円＋月額2〜4万円/人"", ""field"": ""外食業"", ""headcount"": ""10名以上"", ""industry"": ""飲食業"", ""prefecture"": null, ""reason"": ""a)分野該当性40点、b)人手不足度30点、c)情報の確からしさ30点、合計100点。すかいらーくグループは外食産業大手であり、外食業分野に完全に該当します（a:40）。外食産業は慢性的な人手不足であり、現場職の比重も高いため、人手不足度は高いと判断しました（b:30）。公式サイトから事業内容が明確に確認できたため、情報の確からしさも高いです（c:30）。"", ""score"": 100, ""scoreBreakdown"": {""field"": 40, ""info"": 30, ""labor"": 30}, ""scoreField"": 40, ""scoreInfo"": 30, ""scoreLabor"": 30}",100,1,2026-07-17 00:48:19
1320001,https://www.skylark.co.jp,すかいらーくグループ,外食産業,"{""companyName"": ""すかいらーくグループ"", ""cost"": ""初期10〜30万円＋月額2〜4万円/人"", ""field"": ""外食業"", ""headcount"": ""10名以上"", ""industry"": ""外食産業"", ""prefecture"": null, ""reason"": ""a)分野該当性40点、b)人手不足度28点、c)情報の確からしさ25点、合計93点。すかいらーくグループは外食産業の大手であり、事業内容が特定技能「外食業」に直接該当するため、分野該当性は高得点（40点）。外食産業は慢性的な人手不足であり、現場での業務が中心であるため、人手不足度も高得点（28点）。公式サイトの情報から事業内容が明確に確認できるため、情報の確からしさも高得点（25点）とした。"", ""score"": 93, ""scoreBreakdown"": {""field"": 40, ""info"": 25, ""labor"": 28}, ""scoreField"": 40, ""scoreInfo"": 25, ""scoreLabor"": 28}",93,1,2026-07-17 00:49:35
1320002,https://www.skylark.co.jp,すかいらーくグループ,外食産業,"{""companyName"": ""すかいらーくグループ"", ""cost"": ""初期10〜30万円＋月額2〜4万円/人"", ""field"": ""外食業"", ""headcount"": ""10名以上"", ""industry"": ""外食産業"", ""prefecture"": null, ""reason"": ""a)分野該当性40点、b)人手不足度28点、c)情報の確からしさ25点、合計93点。すかいらーくグループは外食産業であり、特定技能の「外食業」に直接該当するため、分野該当性は高得点（40点）としました。外食産業は人手不足が深刻であり、現場での業務が多いため、人手不足度は高めに評価（28点）しました。公式サイトから事業内容が明確に確認できたため、情報の確からしさも高めに評価（25点）しています。"", ""score"": 93, ""scoreBreakdown"": {""field"": 40, ""info"": 25, ""labor"": 28}, ""scoreField"": 40, ""scoreInfo"": 25, ""scoreLabor"": 28}",93,,2026-07-17 00:49:50
1350001,https://www.fukunavi.or.jp/fukunavi/controller?cmd=lst_dt&actionID=jgytik&SVCSBR_CD=004&JGY_CD=1310100329&NAME=&AREA1=&AREA2=&AREA3=&LINE_TXT=&LINE=&STATION=&ROW=0&JGY_CD1=&JGY_CD2=&JGY_CD3=&JGY_CD4=&JGY_CD5=&HYK_FL=1&HYK_FLG=&KIGSVC_FL=1&KIGSVC_FLG=&SLFHYK_FLG=&SVCPLN_FLG=&STENO=,いちご訪問介護,訪問介護,"{""companyName"": ""いちご訪問介護"", ""cost"": ""初期10〜30万円＋月額2〜4万円/人"", ""field"": ""介護"", ""headcount"": ""1〜5名"", ""industry"": ""訪問介護"", ""prefecture"": ""東京都"", ""reason"": ""a)分野該当性40点、b)人手不足度30点、c)情報の確からしさ25点、合計95点。a. 訪問介護事業は特定技能「介護」分野に直接該当するため40点と評価しました。b. 介護業界は人手不足が深刻であり、現場での業務が中心であるため30点と評価しました。c. 福ナビのページから事業内容、所在地、職員数などの詳細情報が具体的に確認できたため25点と評価しました。"", ""score"": 95, ""scoreBreakdown"": {""field"": 40, ""info"": 25, ""labor"": 30}, ""scoreField"": 40, ""scoreInfo"": 25, ""scoreLabor"": 30}",95,,2026-07-17 00:55:54
1380001,https://www.zenkoukai.jp/,社会福祉法人 善光会,社会福祉事業,"{""companyName"": ""社会福祉法人 善光会"", ""cost"": ""初期10〜30万円＋月額2〜4万円/人"", ""field"": ""介護"", ""headcount"": ""10名以上"", ""industry"": ""社会福祉事業"", ""prefecture"": ""東京都"", ""reason"": ""a)分野該当性40点、b)人手不足度28点、c)情報の確からしさ30点、合計98点。事業内容が特別養護老人ホーム、介護老人保健施設、障害者支援施設など、特定技能「介護」分野に直接該当するため、分野該当性は高得点です（a:40）。介護業界は慢性的な人手不足であり、現場職の比重も高いため、人手不足度は高得点です（b:28）。ウェブサイトから事業内容、施設名、所在地などが具体的に確認できるため、情報の確からしさも高得点としました（c:30）。"", ""score"": 98, ""scoreBreakdown"": {""field"": 40, ""info"": 30, ""labor"": 28}, ""scoreField"": 40, ""scoreInfo"": 30, ""scoreLabor"": 28}",98,,2026-07-17 01:04:13
1410001,https://www.skylark.co.jp,すかいらーくグループ,外食産業,"{""companyName"": ""すかいらーくグループ"", ""cost"": ""初期10〜30万円＋月額2〜4万円/人"", ""field"": ""外食業"", ""headcount"": ""10名以上"", ""industry"": ""外食産業"", ""prefecture"": null, ""reason"": ""a)分野該当性40点、b)人手不足度28点、c)情報の確からしさ25点、合計93点。すかいらーくグループは外食産業大手であり、事業内容が特定技能「外食業」に直接該当するため、分野該当性は高得点です（40点）。外食産業は人手不足が深刻であり、現場職の比重も高いため、人手不足度も高得点としました（28点）。ウェブサイトから事業内容や規模が明確に確認できるため、情報の確からしさも高得点です（25点）。"", ""score"": 93, ""scoreBreakdown"": {""field"": 40, ""info"": 25, ""labor"": 28}, ""scoreField"": 40, ""scoreInfo"": 25, ""scoreLabor"": 28}",93,1,2026-07-17 01:12:56
1410002,https://www.skylark.co.jp,すかいらーくグループ,外食産業,"{""companyName"": ""すかいらーくグループ"", ""cost"": ""初期10〜30万円＋月額2〜4万円/人"", ""field"": ""外食業"", ""headcount"": ""10名以上"", ""industry"": ""外食産業"", ""prefecture"": null, ""reason"": ""a)分野該当性40点、b)人手不足度28点、c)情報の確からしさ25点、合計93点。すかいらーくグループは外食産業大手であり、事業内容が特定技能「外食業」に直接該当するため、分野該当性は40点と評価しました。外食産業は人手不足が深刻であり、現場作業の比重も高いため、人手不足度は28点としました。公式サイトから事業内容や規模が明確に確認できたため、情報の確からしさは25点としました。"", ""score"": 93, ""scoreBreakdown"": {""field"": 40, ""info"": 25, ""labor"": 28}, ""scoreField"": 40, ""scoreInfo"": 25, ""scoreLabor"": 28}",93,1,2026-07-17 01:13:36
1410003,https://www.skylark.co.jp,すかいらーくグループ,外食産業,"{""companyName"": ""すかいらーくグループ"", ""cost"": ""初期10〜30万円＋月額2〜4万円/人"", ""field"": ""外食業"", ""headcount"": ""10名以上"", ""industry"": ""外食産業"", ""prefecture"": null, ""reason"": ""a)分野該当性40点、b)人手不足度28点、c)情報の確からしさ25点、合計93点。事業内容が「外食業」に直接該当するため分野該当性は40点としました。外食産業は人手不足が深刻であり、現場作業が中心のため人手不足度は28点と評価しました。公式サイトから事業内容が明確に確認できるため、情報の確からしさは25点としました。"", ""score"": 93, ""scoreBreakdown"": {""field"": 40, ""info"": 25, ""labor"": 28}, ""scoreField"": 40, ""scoreInfo"": 25, ""scoreLabor"": 28}",93,,2026-07-17 01:13:52
1440001,https://www.skylark.co.jp,すかいらーくグループ,外食産業,"{""companyName"": ""すかいらーくグループ"", ""cost"": ""初期10〜30万円＋月額2〜4万円/人"", ""field"": ""外食業"", ""headcount"": ""10名以上"", ""industry"": ""外食産業"", ""prefecture"": null, ""reason"": ""a)分野該当性40点、b)人手不足度28点、c)情報の確からしさ25点、合計93点。すかいらーくグループは「外食業」に該当し、特定技能分野に直接合致します（a:40点）。外食産業は慢性的な人手不足であり、現場職の比重も高いため、人手不足度は高いと判断しました（b:28点）。公式サイトから事業内容が明確に確認できたため、情報の確からしさも高いです（c:25点）。"", ""score"": 93, ""scoreBreakdown"": {""field"": 40, ""info"": 25, ""labor"": 28}, ""scoreField"": 40, ""scoreInfo"": 25, ""scoreLabor"": 28}",93,,2026-07-17 01:14:49
1470001,https://www.foryou.or.jp/contact/,社会福祉法人 奉優会,福祉・介護,"{""companyName"": ""社会福祉法人 奉優会"", ""cost"": ""初期10〜30万円＋月額2〜4万円/人"", ""field"": ""介護"", ""headcount"": ""10名以上"", ""industry"": ""福祉・介護"", ""prefecture"": null, ""reason"": ""a)分野該当性40点、b)人手不足度30点、c)情報の確からしさ25点、合計95点。事業内容が特別養護老人ホームや高齢者在宅サービスセンターの運営であり、特定技能「介護」分野に直接該当するため、分野該当性は高評価（40点）。介護業界は人手不足が深刻で現場職の比重が高いため、人手不足度は高評価（30点）。ページ内容から事業内容が明確に確認できるため、情報の確からしさも高評価（25点）としました。"", ""score"": 95, ""scoreBreakdown"": {""field"": 40, ""info"": 25, ""labor"": 30}, ""scoreField"": 40, ""scoreInfo"": 25, ""scoreLabor"": 30}",95,1,2026-07-17 01:21:17
1500001,https://www.fanuc.co.jp/,ファナック株式会社,製造業,"{""companyName"": ""ファナック株式会社"", ""cost"": ""初期10〜30万円＋月額2〜4万円/人"", ""field"": ""工業製品製造業"", ""headcount"": ""10名以上"", ""industry"": ""製造業"", ""prefecture"": ""山梨県"", ""reason"": ""a)分野該当性38点、b)人手不足度25点、c)情報の確からしさ28点、合計91点。事業内容がFA、ロボット、ロボマシンの製造であり、特定技能の「工業製品製造業」に直接該当するため、分野該当性は高得点です（38点）。製造業は全般的に人手不足が深刻であり、現場作業の比重も高いため、人手不足度は高得点としました（25点）。ウェブサイトから事業内容や規模が詳細に確認できたため、情報の確からしさも高得点です（28点）。"", ""score"": 91, ""scoreBreakdown"": {""field"": 38, ""info"": 28, ""labor"": 25}, ""scoreField"": 38, ""scoreInfo"": 28, ""scoreLabor"": 25}",91,,2026-07-18 04:27:47
1530001,https://www.skylark.co.jp,すかいらーくグループ,外食産業,"{""companyName"": ""すかいらーくグループ"", ""cost"": ""初期10〜30万円＋月額2〜4万円/人"", ""field"": ""外食業"", ""headcount"": ""10名以上"", ""industry"": ""外食産業"", ""prefecture"": null, ""reason"": ""a)分野該当性40点、b)人手不足度28点、c)情報の確からしさ25点、合計93点。すかいらーくグループは外食産業の大手であり、特定技能の「外食業」に直接該当します（a:40点）。外食産業は慢性的な人手不足であり、現場での業務が中心であるため、人手不足度は高いと判断しました（b:28点）。公式サイトから事業内容が明確に確認できたため、情報の確からしさも高いです（c:25点）。"", ""score"": 93, ""scoreBreakdown"": {""field"": 40, ""info"": 25, ""labor"": 28}, ""scoreField"": 40, ""scoreInfo"": 25, ""scoreLabor"": 28}",93,,2026-07-18 10:28:52
1560001,company:すかいらーく,すかいらーく,外食産業,"{""answers"": null, ""companyName"": ""すかいらーく"", ""cost"": ""初期10〜30万円＋月額2〜4万円/人"", ""field"": ""外食業"", ""headcount"": ""10名以上"", ""industry"": ""外食産業"", ""prefecture"": ""東京都"", ""reason"": ""a)分野該当性40点、b)人手不足度28点、c)情報の確からしさ25点、合計93点。すかいらーくは大手外食チェーンであり、事業内容は特定技能「外食業」に直接該当するため、分野該当性は40点としました。外食産業は慢性的な人手不足であり、現場職の比重も高いため、人手不足度は28点としました。企業名から事業内容が明確に推測でき、一般に広く知られている企業であるため、情報の確からしさは25点としました。"", ""score"": 93, ""scoreBreakdown"": {""field"": 40, ""info"": 25, ""labor"": 28}, ""scoreField"": 40, ""scoreInfo"": 25, ""scoreLabor"": 28}",93,,2026-07-18 10:52:08
1590001,company:すかいらーく,すかいらーく,外食産業,"{""answers"": null, ""companyName"": ""すかいらーく"", ""cost"": ""初期10〜30万円＋月額2〜4万円/人"", ""field"": ""外食業"", ""headcount"": ""10名以上"", ""industry"": ""外食産業"", ""prefecture"": ""東京都"", ""reason"": ""a)分野該当性40点、b)人手不足度28点、c)情報の確からしさ15点、合計83点。企業名から外食産業大手と推測され、特定技能「外食業」に直接該当するため分野該当性は高得点（40点）。外食産業は人手不足が深刻で現場職の比重も高いため人手不足度も高得点（28点）。企業名のみからの推測のため、情報の確からしさは中程度（15点）としました。"", ""score"": 83, ""scoreBreakdown"": {""field"": 40, ""info"": 15, ""labor"": 28}, ""scoreField"": 40, ""scoreInfo"": 15, ""scoreLabor"": 28}",83,,2026-07-18 10:53:52
1590002,company:すかいらーく,すかいらーく,外食産業,"{""answers"": null, ""companyName"": ""すかいらーく"", ""cost"": ""初期10〜30万円＋月額2〜4万円/人"", ""field"": ""外食業"", ""headcount"": ""10名以上"", ""industry"": ""外食産業"", ""prefecture"": ""東京都"", ""reason"": ""a)分野該当性40点、b)人手不足度28点、c)情報の確からしさ25点、合計93点。すかいらーくは外食産業の大手であり、事業内容は特定技能「外食業」に直接該当するため、scoreFieldは40点としました。外食産業は人手不足が深刻であり、現場での業務が多いため、scoreLaborは28点としました。企業名から事業内容が明確に推測できるため、scoreInfoは25点としました。"", ""score"": 93, ""scoreBreakdown"": {""field"": 40, ""info"": 25, ""labor"": 28}, ""scoreField"": 40, ""scoreInfo"": 25, ""scoreLabor"": 28}",93,,2026-07-18 10:54:04
1620001,company:すかいらーく,すかいらーく,外食産業,"{""answers"": {""field"": ""外食業"", ""headcount"": ""3〜5名"", ""jisshuExperience"": false, ""prefecture"": ""東京都"", ""timing"": ""3ヶ月以内""}, ""companyName"": ""すかいらーく"", ""cost"": ""初期10〜30万円＋月額2〜4万円/人"", ""field"": ""外食業"", ""headcount"": ""3〜5名"", ""industry"": ""外食産業"", ""prefecture"": ""東京都"", ""reason"": ""a)分野該当性40点、b)人手不足度28点、c)情報の確からしさ25点、合計93点。「すかいらーく」は外食産業の大手と推測されるため、特定技能分野は「外食業」に直接該当し(a)40点。外食産業は人手不足が深刻で現場職の比重も高いため(b)28点。企業名から事業内容が明確に推測できるため(c)25点としました。"", ""score"": 93, ""scoreBreakdown"": {""field"": 40, ""info"": 25, ""labor"": 28}, ""scoreField"": 40, ""scoreInfo"": 25, ""scoreLabor"": 28}",93,,2026-07-18 10:56:07
1650001,company:すかいらーく,すかいらーく,外食産業,"{""answers"": null, ""companyName"": ""すかいらーく"", ""cost"": ""初期10〜30万円＋月額2〜4万円/人"", ""field"": ""外食業"", ""headcount"": ""10名以上"", ""industry"": ""外食産業"", ""prefecture"": ""東京都"", ""reason"": ""a)分野該当性40点、b)人手不足度30点、c)情報の確からしさ25点、合計95点。すかいらーくは外食産業の大手であり、特定技能分野の「外食業」に直接該当します（スコアa:40）。外食産業は人手不足が深刻で、現場作業の比重も高いため、人手不足度は高いと判断しました（スコアb:30）。企業名から事業内容が明確に推測できるため、情報の確からしさも高いです（スコアc:25）。"", ""score"": 95, ""scoreBreakdown"": {""field"": 40, ""info"": 25, ""labor"": 30}, ""scoreField"": 40, ""scoreInfo"": 25, ""scoreLabor"": 30}",95,,2026-07-18 11:26:14
1680001,company:すかいらーく,すかいらーく,外食産業,"{""answers"": null, ""companyName"": ""すかいらーく"", ""cost"": ""初期10〜30万円＋月額2〜4万円/人"", ""field"": ""外食業"", ""headcount"": ""10名以上"", ""industry"": ""外食産業"", ""prefecture"": ""東京都"", ""reason"": ""a)分野該当性40点、b)人手不足度28点、c)情報の確からしさ25点、合計93点。すかいらーくは大手外食チェーンであり、外食業は特定技能の対象分野に直接該当するため、分野該当性は40点としました。外食産業は慢性的な人手不足であり、現場職の比重も高いため、人手不足度は28点としました。企業名から事業内容が明確に推測できるため、情報の確からしさは25点としました。"", ""score"": 93, ""scoreBreakdown"": {""field"": 40, ""info"": 25, ""labor"": 28}, ""scoreField"": 40, ""scoreInfo"": 25, ""scoreLabor"": 28}",93,,2026-07-18 11:38:47
1680002,https://kikunoi.jp/restaurant/,菊乃井,料亭、懐石料理,"{""answers"": null, ""companyName"": ""菊乃井"", ""cost"": ""初期10〜30万円＋月額2〜4万円/人"", ""field"": ""外食業"", ""headcount"": ""10名以上"", ""industry"": ""料亭、懐石料理"", ""prefecture"": ""京都府"", ""reason"": ""a)分野該当性38点、b)人手不足度25点、c)情報の確からしさ28点、合計91点。分野該当性(38点)は、懐石料理を提供する料亭であり「外食業」に直接該当します。人手不足度(25点)は、飲食業界は慢性的な人手不足であり、特に専門性の高い料亭では現場での調理・接客業務が中心となるため高いと評価しました。情報の確からしさ(28点)は、URLから事業内容や店舗情報、企業規模が具体的に確認できたため高得点としました。"", ""score"": 91, ""scoreBreakdown"": {""field"": 38, ""info"": 28, ""labor"": 25}, ""scoreField"": 38, ""scoreInfo"": 28, ""scoreLabor"": 25}",91,,2026-07-18 11:40:04
1710001,https://kikunoi.jp/restaurant/,菊乃井,飲食業,"{""answers"": {""field"": ""外食業"", ""headcount"": ""11名以上"", ""jisshuExperience"": false, ""prefecture"": ""京都府"", ""timing"": ""できるだけ早く""}, ""companyName"": ""菊乃井"", ""cost"": ""初期10〜30万円＋月額2〜4万円/人"", ""field"": ""外食業"", ""headcount"": ""11名以上"", ""industry"": ""飲食業"", ""prefecture"": ""京都府"", ""reason"": ""a)分野該当性38点、b)人手不足度28点、c)情報の確からしさ25点、合計91点。事業内容が懐石料理を提供する料亭であり、特定技能分野の「外食業」に直接該当するため、分野該当性(a)を高く評価しました。飲食業界は人手不足が深刻であり、現場での調理・接客業務が中心であるため、人手不足度(b)も高く評価しました。ウェブサイトから事業内容や店舗情報が具体的に確認できたため、情報の確からしさ(c)も高く評価しました。"", ""score"": 91, ""scoreBreakdown"": {""field"": 38, ""info"": 25, ""labor"": 28}, ""scoreField"": 38, ""scoreInfo"": 25, ""scoreLabor"": 28}",91,,2026-07-18 11:40:59
1710002,https://kikunoi.jp/restaurant/,菊乃井,料亭業,"{""answers"": null, ""companyName"": ""菊乃井"", ""cost"": ""初期10〜30万円＋月額2〜4万円/人"", ""field"": ""外食業"", ""headcount"": ""1ー5名"", ""industry"": ""料亭業"", ""prefecture"": ""京都府"", ""reason"": ""a)分野該当性40点、b)人手不足度25点、c)情報の確からしさ30点、合計95点。事業内容が料亭経営であり、特定技能「外食業」に直接該当するため、分野該当性は40点と評価しました。料亭は人手によるサービス提供が中心であり、人手不足の深刻度も高いため、人手不足度は25点としました。ウェブサイトから事業内容、店舗情報、所在地などが具体的に確認できたため、情報の確からしさは30点としました。"", ""score"": 95, ""scoreBreakdown"": {""field"": 40, ""info"": 30, ""labor"": 25}, ""scoreField"": 40, ""scoreInfo"": 30, ""scoreLabor"": 25}",95,,2026-07-18 11:43:30
1710003,https://kikunoi.jp/restaurant/,菊乃井,料亭業,"{""answers"": null, ""companyName"": ""菊乃井"", ""cost"": ""初期10〜30万円＋月額2〜4万円/人"", ""field"": ""外食業"", ""headcount"": ""1ー5名"", ""industry"": ""料亭業"", ""prefecture"": ""京都府"", ""reason"": ""a)分野該当性38点、b)人手不足度25点、c)情報の確からしさ28点、合計91点。料亭を営んでおり、特定技能19分野の「外食業」に直接該当するため、分野該当性は高得点（38点）としました。料亭は人手によるサービス提供が中心であり、人手不足の深刻度も考慮し、人手不足度は中程度の高評価（25点）としました。ウェブサイトから事業内容や店舗情報が具体的に確認できたため、情報の確からしさも高評価（28点）としました。"", ""score"": 91, ""scoreBreakdown"": {""field"": 38, ""info"": 28, ""labor"": 25}, ""scoreField"": 38, ""scoreInfo"": 28, ""scoreLabor"": 25}",91,,2026-07-18 11:43:33
1710004,https://www.fanuc.co.jp/,ファナック株式会社,製造業,"{""answers"": null, ""companyName"": ""ファナック株式会社"", ""cost"": ""初期10〜30万円＋月額2〜4万円/人"", ""field"": ""工業製品製造業"", ""headcount"": ""10名以上"", ""industry"": ""製造業"", ""prefecture"": ""山梨県"", ""reason"": ""a)分野該当性35点、b)人手不足度25点、c)情報の確からしさ30点、合計90点。ファナック株式会社はFA、ロボット、ロボマシンなどの製造を行っており、特定技能の「工業製品製造業」に直接該当します（a:35点）。製造業は全般的に人手不足が深刻であり、現場作業の比重も高いため、人手不足度は高いと判断しました（b:25点）。ウェブサイトから事業内容や規模が詳細に確認できたため、情報の確からしさは非常に高いです（c:30点）。"", ""score"": 90, ""scoreBreakdown"": {""field"": 35, ""info"": 30, ""labor"": 25}, ""scoreField"": 35, ""scoreInfo"": 30, ""scoreLabor"": 25}",90,,2026-07-18 11:43:38
1740001,https://www.skylark.co.jp,すかいらーくグループ,飲食業,"{""answers"": null, ""companyName"": ""すかいらーくグループ"", ""cost"": ""初期10〜30万円＋月額2〜4万円/人"", ""field"": ""外食業"", ""headcount"": ""10名以上"", ""industry"": ""飲食業"", ""prefecture"": null, ""reason"": ""a)分野該当性40点、b)人手不足度28点、c)情報の確からしさ25点、合計93点。すかいらーくグループは「外食業」に直接該当し、店舗での調理や接客業務は特定技能外国人の受入れに適しています（分野該当性40点）。外食産業は人手不足が深刻で、現場職の比重も高いため、特定技能制度の活用ニーズが高いと判断できます（人手不足度28点）。公式サイトから事業内容が明確に確認できました（情報の確からしさ25点）。"", ""score"": 93, ""scoreBreakdown"": {""field"": 40, ""info"": 25, ""labor"": 28}, ""scoreField"": 40, ""scoreInfo"": 25, ""scoreLabor"": 28}",93,,2026-07-18 12:38:54
1770001,company:フィールドマーケティングシステムズ,フィールドマーケティングシステムズ,マーケティング支援業,"{""answers"": null, ""companyName"": ""フィールドマーケティングシステムズ"", ""cost"": ""初期10〜30万円＋月額2〜4万円/人"", ""field"": null, ""headcount"": ""1〜5名"", ""industry"": ""マーケティング支援業"", ""prefecture"": null, ""reason"": ""a)分野該当性5点、b)人手不足度10点、c)情報の確からしさ5点、合計20点。「フィールドマーケティングシステムズ」という企業名から、マーケティング支援や営業代行などのサービス業と推測されます。特定技能の19分野に直接該当する業務は考えにくいため、分野該当性は低いです（a:5）。オフィスワーク中心と想定され、人手不足度も高くありません（b:10）。企業名のみからの推測のため、情報の確からしさは低いです（c:5）。"", ""score"": 20, ""scoreBreakdown"": {""field"": 5, ""info"": 5, ""labor"": 10}, ""scoreField"": 5, ""scoreInfo"": 5, ""scoreLabor"": 10}",20,,2026-07-23 04:52:20
1800001,https://www.yazaki-group.com/care/index.html,矢崎グループ,介護,"{""answers"": null, ""companyName"": ""矢崎グループ"", ""cost"": ""初期10〜30万円＋月額2〜4万円/人"", ""field"": ""介護"", ""headcount"": ""10名以上"", ""industry"": ""介護"", ""prefecture"": null, ""reason"": ""a)分野該当性40点、b)人手不足度28点、c)情報の確からしさ8点、合計76点。URLのパスに「care」とあるため、介護分野に直接該当すると推測しました(a:40)。介護業界は人手不足が深刻であり、現場職の比重も高いため、人手不足度は高いと判断しました(b:28)。URLのみからの推測であるため、情報の確からしさは低いです(c:8)。"", ""score"": 76, ""scoreBreakdown"": {""field"": 40, ""info"": 8, ""labor"": 28}, ""scoreField"": 40, ""scoreInfo"": 8, ""scoreLabor"": 28}",76,,2026-07-23 11:29:59
1800002,https://www.yazaki-group.com/care/index.html,矢崎グループ,介護事業,"{""answers"": {""field"": ""介護"", ""headcount"": ""3〜5名"", ""jisshuExperience"": true, ""prefecture"": null, ""timing"": ""3ヶ月以内""}, ""companyName"": ""矢崎グループ"", ""cost"": ""初期10〜30万円＋月額2〜4万円/人"", ""field"": ""介護"", ""headcount"": ""3〜5名"", ""industry"": ""介護事業"", ""prefecture"": ""静岡県"", ""reason"": ""a)分野該当性40点、b)人手不足度30点、c)情報の確からしさ30点、合計100点。介護事業を全国展開しており、特定技能「介護」分野に直接該当します（a:40点）。介護業界は人手不足が深刻であり、現場での業務が中心です（b:30点）。ページ内容から事業内容や拠点、サービス内容が具体的に確認できました（c:30点）。"", ""score"": 100, ""scoreBreakdown"": {""field"": 40, ""info"": 30, ""labor"": 30}, ""scoreField"": 40, ""scoreInfo"": 30, ""scoreLabor"": 30}",100,,2026-07-23 11:30:30
1830001,company:a,不明,不明,"{""answers"": null, ""companyName"": ""不明"", ""cost"": ""初期10〜30万円＋月額2〜4万円/人"", ""field"": null, ""headcount"": ""不明"", ""industry"": ""不明"", ""prefecture"": null, ""reason"": ""a)分野該当性0点、b)人手不足度0点、c)情報の確からしさ0点、合計0点。企業名が「a」のみであり、業種や事業内容、所在地に関する情報が一切ないため、特定技能分野への該当性（a:0点）、人手不足度（b:0点）、情報の確からしさ（c:0点）のいずれも判断できません。詳細な情報がなければ、特定技能制度の活用可否を診断することは不可能です。"", ""score"": 0, ""scoreBreakdown"": {""field"": 0, ""info"": 0, ""labor"": 0}, ""scoreField"": 0, ""scoreInfo"": 0, ""scoreLabor"": 0}",0,,2026-07-23 11:42:12
1860001,company:a,不明,不明,"{""answers"": {""field"": ""造船・舶用工業"", ""headcount"": ""11名以上"", ""jisshuExperience"": false, ""prefecture"": null, ""timing"": ""3ヶ月以内""}, ""companyName"": ""不明"", ""cost"": ""初期10〜30万円＋月額2〜4万円/人"", ""field"": ""造船・舶用工業"", ""headcount"": ""11名以上"", ""industry"": ""不明"", ""prefecture"": null, ""reason"": ""a)分野該当性0点、b)人手不足度0点、c)情報の確からしさ0点、合計0点。企業名が「a」のみであり、業種や事業内容に関する情報が全くないため、特定技能19分野への該当性を判断できません (a:0)。人手不足度も不明です (b:0)。情報が極めて少ないため、情報の確からしさも最低評価となります (c:0)。"", ""score"": 0, ""scoreBreakdown"": {""field"": 0, ""info"": 0, ""labor"": 0}, ""scoreField"": 0, ""scoreInfo"": 0, ""scoreLabor"": 0}",0,,2026-07-23 11:54:23
1890001,company:あ,不明,不明,"{""answers"": null, ""companyName"": ""不明"", ""cost"": ""初期10〜30万円＋月額2〜4万円/人"", ""field"": null, ""headcount"": ""不明"", ""industry"": ""不明"", ""prefecture"": null, ""reason"": ""a)分野該当性0点、b)人手不足度0点、c)情報の確からしさ0点、合計0点。企業名が「あ」のみで、業種や事業内容を推測する情報が全くないため、特定技能分野への該当性（a）は0点、人手不足度（b）も判断できず0点としました。情報が全くないため、情報の確からしさ（c）も0点です。"", ""score"": 0, ""scoreBreakdown"": {""field"": 0, ""info"": 0, ""labor"": 0}, ""scoreField"": 0, ""scoreInfo"": 0, ""scoreLabor"": 0}",0,,2026-07-23 12:15:13
1890002,company:あ,あ,不明,"{""answers"": {""field"": ""造船・舶用工業"", ""headcount"": ""未定"", ""jisshuExperience"": false, ""prefecture"": ""青森県"", ""timing"": ""情報収集中""}, ""companyName"": ""あ"", ""cost"": ""初期10〜30万円＋月額2〜4万円/人"", ""field"": ""造船・舶用工業"", ""headcount"": ""未定"", ""industry"": ""不明"", ""prefecture"": ""青森県"", ""reason"": ""a)分野該当性0点、b)人手不足度0点、c)情報の確からしさ0点、合計0点。企業名が「あ」のみで、業種や事業内容に関する情報が全くないため、分野該当性(a)は0点、人手不足度(b)も0点としました。情報が皆無であるため、情報の確からしさ(c)も0点と評価しました。"", ""score"": 0, ""scoreBreakdown"": {""field"": 0, ""info"": 0, ""labor"": 0}, ""scoreField"": 0, ""scoreInfo"": 0, ""scoreLabor"": 0}",0,,2026-07-23 12:15:24
1920001,company:岩沢介護事業所,岩沢介護事業所,介護,"{""answers"": null, ""companyName"": ""岩沢介護事業所"", ""cost"": ""初期10〜30万円＋月額2〜4万円/人"", ""field"": ""介護"", ""headcount"": ""1〜5名"", ""industry"": ""介護"", ""prefecture"": null, ""reason"": ""a)分野該当性40点、b)人手不足度30点、c)情報の確からしさ15点、合計85点。企業名に「介護」とあるため、特定技能分野「介護」に直接該当し(a)40点。介護業界は人手不足が深刻なため(b)30点。企業名のみからの推測であり、事業内容や規模の具体的な情報が不足しているため(c)15点としました。"", ""score"": 85, ""scoreBreakdown"": {""field"": 40, ""info"": 15, ""labor"": 30}, ""scoreField"": 40, ""scoreInfo"": 15, ""scoreLabor"": 30}",85,,2026-07-23 12:45:34
1920002,company:岩沢介護事業所,岩沢介護事業所,介護業,"{""answers"": {""field"": ""介護"", ""headcount"": ""1〜2名"", ""jisshuExperience"": true, ""prefecture"": null, ""timing"": ""できるだけ早く""}, ""companyName"": ""岩沢介護事業所"", ""cost"": ""初期10〜30万円＋月額2〜4万円/人"", ""field"": ""介護"", ""headcount"": ""1〜2名"", ""industry"": ""介護業"", ""prefecture"": null, ""reason"": ""a)分野該当性40点、b)人手不足度30点、c)情報の確からしさ9点、合計79点。企業名に「介護事業所」とあるため、特定技能分野の「介護」に直接該当すると判断し、分野該当性を40点としました。介護業界は人手不足が深刻であり、現場職の比重も高いため、人手不足度を30点としました。企業名のみからの推測で、具体的な事業内容や規模が不明なため、情報の確からしさは9点としました。"", ""score"": 79, ""scoreBreakdown"": {""field"": 40, ""info"": 9, ""labor"": 30}, ""scoreField"": 40, ""scoreInfo"": 9, ""scoreLabor"": 30}",79,,2026-07-23 12:46:04
1950001,company:岩崎工業,岩崎工業,製造業,"{""answers"": null, ""companyName"": ""岩崎工業"", ""cost"": ""初期10〜30万円＋月額2〜4万円/人"", ""field"": ""工業製品製造業"", ""headcount"": ""10名以上"", ""industry"": ""製造業"", ""prefecture"": null, ""reason"": ""a)分野該当性30点、b)人手不足度25点、c)情報の確からしさ5点、合計60点。企業名から製造業と推測されるため、特定技能分野「工業製品製造業」に該当する可能性が高いと判断し、scoreFieldは30点としました。製造業は人手不足が深刻であり、現場作業も多いためscoreLaborは25点としました。企業名のみからの推測で情報が少ないため、scoreInfoは5点としました。"", ""score"": 60, ""scoreBreakdown"": {""field"": 30, ""info"": 5, ""labor"": 25}, ""scoreField"": 30, ""scoreInfo"": 5, ""scoreLabor"": 25}",60,,2026-07-23 14:16:59
1950002,company:岩崎工業,岩崎工業,製造業,"{""answers"": {""field"": ""工業製品製造業"", ""headcount"": ""未定"", ""jisshuExperience"": true, ""prefecture"": null, ""timing"": ""情報収集中""}, ""companyName"": ""岩崎工業"", ""cost"": ""初期10〜30万円＋月額2〜4万円/人"", ""field"": ""工業製品製造業"", ""headcount"": ""未定"", ""industry"": ""製造業"", ""prefecture"": null, ""reason"": ""a)分野該当性35点、b)人手不足度25点、c)情報の確からしさ10点、合計70点。企業名から「工業」とあるため、工業製品製造業に直接該当する可能性が高いと判断し、scoreFieldを35としました。製造業は人手不足が深刻であり、現場職の比重も高いため、scoreLaborを25としました。企業名のみからの推測のため、scoreInfoは10としました。"", ""score"": 70, ""scoreBreakdown"": {""field"": 35, ""info"": 10, ""labor"": 25}, ""scoreField"": 35, ""scoreInfo"": 10, ""scoreLabor"": 25}",70,,2026-07-23 14:17:11
1980001,company:小島製鉄所,小島製鉄所,鉄鋼業,"{""answers"": null, ""companyName"": ""小島製鉄所"", ""cost"": ""初期10〜30万円＋月額2〜4万円/人"", ""field"": ""工業製品製造業"", ""headcount"": ""10名以上"", ""industry"": ""鉄鋼業"", ""prefecture"": null, ""reason"": ""a)分野該当性38点、b)人手不足度25点、c)情報の確からしさ5点、合計68点。企業名から「製鉄所」とあるため、工業製品製造業に直接該当すると推測され、分野該当性は高得点（38点）。鉄鋼業は人手不足が指摘されており、現場作業も多いため人手不足度も高め（25点）。ただし、企業名のみからの推測であり、具体的な事業内容や規模に関する情報が不足しているため、情報の確からしさは低く評価しました（5点）。"", ""score"": 68, ""scoreBreakdown"": {""field"": 38, ""info"": 5, ""labor"": 25}, ""scoreField"": 38, ""scoreInfo"": 5, ""scoreLabor"": 25}",68,,2026-07-24 09:12:46
1980002,company:小島製鉄所,小島製鉄所,鉄鋼業,"{""answers"": {""field"": ""工業製品製造業"", ""headcount"": ""3〜5名"", ""jisshuExperience"": false, ""prefecture"": ""新潟県"", ""timing"": ""情報収集中""}, ""companyName"": ""小島製鉄所"", ""cost"": ""初期10〜30万円＋月額2〜4万円/人"", ""field"": ""工業製品製造業"", ""headcount"": ""3〜5名"", ""industry"": ""鉄鋼業"", ""prefecture"": ""新潟県"", ""reason"": ""a)分野該当性38点、b)人手不足度25点、c)情報の確からしさ5点、合計68点。「製鉄所」という名称から、鉄鋼製品の製造を主たる事業と推測し、特定技能分野「工業製品製造業」に直接該当すると判断しました（a:38点）。製造業は人手不足が慢性化しており、現場作業が中心であるため、人手不足度は高いと評価しました（b:25点）。企業名のみの情報であり、事業内容や規模、所在地に関する具体的な情報が不足しているため、情報の確からしさは低いです（c:5点）。"", ""score"": 68, ""scoreBreakdown"": {""field"": 38, ""info"": 5, ""labor"": 25}, ""scoreField"": 38, ""scoreInfo"": 5, ""scoreLabor"": 25}",68,,2026-07-24 09:13:03
